SkillName	Property	SkillId	Attrib	SkillStyle	SkillIcon	PreCastSpr	ManCastSnd	FMCastSnd	StateSpecialId	StatePriority	IsAura	LRSkill	NeedShadow	AttackRadius	MaxShadowNum	MslsGenerate	MslsGenerateData	CharClass	MisslesForm	ChildSkillId	ChildSkillLevel	ChildSkillNum	BaseSkill	CharAnimId	EventSkillLevel	IsMelee	WaitTime	IsSaveCd	ClientSend	SkillCostType	CostValue	TimePerCast	TimePerCastOnHorse	IsPhysical	TargetOnly	TargetEnemy	TargetAlly	TargetSelf	TargetOther	TargetObj	TargetNoNpc	ByMissle	IsUseAR	StartEvent	StartSkillId	FlyEvent	FlySkillId	FlyEventTime	CollideEvent	CollidSkillId	VanishedEvent	VanishedSkillId	ReqLevel	MaxLevel	EqtLimit	HorseLimit	DoHurt	WeaponSkill	Param1	Param1Memo	Param2	Param2Memo	StopWhenMove	HeelAtParent	RelativePosType	PeaceCanUse	ShowEvent	IsExpSkill	Series	ShowAddition	LvlSetScript	LvlSetting1	LvlData1	LvlSetting2	LvlData2	LvlSetting3	LvlData3	LvlSetting4	LvlData4	LvlSetting5	LvlData5	LvlSetting6	LvlData6	LvlSetting7	LvlData7	LvlSetting8	LvlData8	LvlSetting9	LvlData9	LvlSetting10	LvlData10	LvlSetting11	LvlData11	LvlSetting12	LvlData12	LvlSetting13	LvlData13	LvlSetting14	LvlData14	LvlSetting15	LvlData15	LvlSetting16	LvlData16	LvlSetting17	LvlData17	LvlSetting18	LvlData18	LvlSetting19	LvlData19	LvlSetting20	LvlData20	LevelUpScript	SkillDesc
Bạch Hồng Quán Nhật	Công kích ngoại công  	1347	501	0	\spr\Ui\技能图标\150\白虹贯日.spr	\spr\skill\华山\气宗起手抠像.spr	\sound\skill\sound_k003.wav	\sound\skill\sound_k008.wav	0	0	0	0	0	400	15	0	5	2	1	412	-1	1	1	10	-1	0	5		0	0	0	0	0	1	0	1	0	0	0	0	0	0	0	0	0	0	0	0	0	0	0	0	10	20	0	1	0	0	0	0	0	0				0	0	0	2	1	\script\skill\huashan.lua	physicsenhance_p	baihong_guanri	seriesdamage_p	baihong_guanri	colddamage_v	baihong_guanri	addskilldamage1	baihong_guanri	addskilldamage2	baihong_guanri	skill_showevent	baihong_guanri	seriesdamage_p	baihong_guanri	skill_eventskilllevel	baihong_guanri	addskilldamage3	baihong_guanri		baihong_guanri		baihong_guanri		baihong_guanri		baihong_guanri		baihong_guanri		baihong_guanri		baihong_guanri		baihong_guanri		baihong_guanri		baihong_guanri		baihong_guanri		Võ công sơ cấp Hoa Sơn, Ngưng Khí Thành Hành, công kích kẻ địch đơn.
Vân Chưng Hà úy	Công kích ngoại công  	1348	501	0	\spr\Ui\技能图标\150\白虹贯日.spr				0	0	0	0	0	400	15	0	0	2	7	275	-1	1	1	10	0	0	0		0	0	0	0	0	0	0	0	0	1	0	0	0	0	0	0	0	0	0	0	0	0	0	0	10	20	0	1	0	0	0	0	0	0				0	0	0	2	1	\script\skill\huashan.lua	reduceskillcd1	baihong_guanri	reduceskillcd2	baihong_guanri		baihong_guanri		baihong_guanri		baihong_guanri		baihong_guanri		baihong_guanri		baihong_guanri		baihong_guanri		baihong_guanri		baihong_guanri		baihong_guanri		baihong_guanri		baihong_guanri		baihong_guanri		baihong_guanri		baihong_guanri		baihong_guanri		baihong_guanri		baihong_guanri		Võ công sơ cấp Hoa Sơn, Ngưng Khí Thành Hành, công kích kẻ địch đơn.
Kiếm Tông Tổng Quyết	Hỗ trợ bị động	1349	504	3	\spr\Ui\技能图标\150\剑宗总决.spr	\spr\skill\华山\气宗起手抠像.spr			0	0	0	3	0	0	0	0	0	2	7	0	-1	0	0	14	0	0	0		0	0	0	0	0	0	0	0	0	1	0	0	0	0	0	0	0	0	0	0	0	0	0	0	10	20	-2	0	0	0	0		0					0	0	0	-1	1	\script\skill\huashan.lua	addphysicsdamage_p	jianzong_zongjue	attackspeed_yan_v	jianzong_zongjue	attackspeed_v	jianzong_zongjue	manareplenish_v	jianzong_zongjue	manareplenish_p	jianzong_zongjue		jianzong_zongjue	lifemax_yan_p	jianzong_zongjue		jianzong_zongjue		jianzong_zongjue		jianzong_zongjue		jianzong_zongjue		jianzong_zongjue		jianzong_zongjue		jianzong_zongjue		jianzong_zongjue		jianzong_zongjue		jianzong_zongjue		jianzong_zongjue		jianzong_zongjue		jianzong_zongjue		Hoa Sơn Kiếm Tông đại cương, nâng cao năng lực sử dụng các loại kiếm khí.
Dưỡng Ngô Kiếm Pháp	Hỗ trợ bị động	1350	504	3	\spr\Ui\技能图标\150\养吾剑法.spr	\spr\skill\华山\气宗起手抠像.spr			0	0	0	3	0	0	0	0	0	2	7	0	-1	0	0	14	0	0	0		0	0	0	0	0	0	0	0	0	1	0	0	0	0	0	0	0	0	0	0	0	0	0	0	10	20	-2	0	0	0	0		0					0	0	0	-1	1	\script\skill\huashan.lua	deadlystrikeenhance_p	yangwu_jianfa		yangwu_jianfa		yangwu_jianfa		yangwu_jianfa		yangwu_jianfa		yangwu_jianfa		yangwu_jianfa		yangwu_jianfa		yangwu_jianfa		yangwu_jianfa		yangwu_jianfa		yangwu_jianfa		yangwu_jianfa		yangwu_jianfa		yangwu_jianfa		yangwu_jianfa		yangwu_jianfa		yangwu_jianfa		yangwu_jianfa		yangwu_jianfa		Cương Yếu võ học kiếm tông Hoa Sơn, dùng để nâng cao năng lực sử dụng các loại kiếm khí.
Kim Nhạn Hoành Không	Công kích ngoại công  	1351	501	0	\spr\Ui\技能图标\150\金雁横空.spr	\spr\skill\华山\气宗起手抠像.spr	\sound\skill\sound_k003.wav	\sound\skill\sound_k008.wav	0	0	0	0	0	480	15	2	5	2	1	413	-1	3	1	10	-1	0	5		0	0	0	0	0	1	0	1	0	0	0	0	0	0	0	1	1352	0	0	0	0	0	0	0	30	20	0	1	60	0	0	0	0	0				0	0	0	2	1	\script\skill\huashan.lua	seriesdamage_p	jinyan_hengkong	colddamage_v	jinyan_hengkong	addskilldamage1	jinyan_hengkong	addskilldamage2	jinyan_hengkong	skill_attackradius	jinyan_hengkong	skill_attackradius	jinyan_hengkong	skill_eventskilllevel	jinyan_hengkong		jinyan_hengkong	physicsenhance_p	jinyan_hengkong	deadlystrike_p	jinyan_hengkong	skill_desc	jinyan_hengkong		jinyan_hengkong		jinyan_hengkong		jinyan_hengkong		jinyan_hengkong		jinyan_hengkong		jinyan_hengkong		jinyan_hengkong		jinyan_hengkong		jinyan_hengkong		Võ công cao cấp Hoa Sơn, dung hợp hai chiêu thức phá đao kiếm, khắc Nga Mi kiếm, Thúy Yên đao, Ngũ Độc đao.
Hữu Phụng Lai Nghi	Công kích ngoại công  	1352	501	0	\spr\Ui\技能图标\150\金雁横空.spr	\spr\skill\华山\气宗起手抠像.spr	0	0	0	0	0	0	0	0	0	0	0	2	7	275	-1	1	1	10	0	0	0		0	0	0	0	0	1	0	0	0	1	0	0	0	0	0	0	0	0	0	0	0	0	0	0	30	20	0	1	0	0	0	0	0	0				0	0	0	2	1	\script\skill\huashan.lua	candetonate1	podao_pojian	candetonate2	podao_pojian	candetonate3	podao_pojian		podao_pojian		podao_pojian		podao_pojian		podao_pojian		podao_pojian		podao_pojian		podao_pojian		podao_pojian		podao_pojian		podao_pojian		podao_pojian		podao_pojian		podao_pojian		podao_pojian		podao_pojian		podao_pojian		podao_pojian		Võ công cao cấp Hoa Sơn, dung hợp hai chiêu thức phá đao kiếm, khắc Nga Mi kiếm, Thúy Yên đao.
金雁横空2		1353	501	0	\spr\Ui\技能图标\150\金雁横空.spr	\spr\skill\华山\气宗起手抠像.spr			0	0	0	0	0	0	0	0	0	2	7	275	-1	1	1	14	-1	0	0		0	0	0	0	0	0	0	0	0	1	0	0	0	0	0	1	1352	0	0	0	0	0	0	0	30	20	0	0	0	0	0		0					0	0	0	-1	1	\script\skill\huashan.lua	reduceskillcd1	jinyan_hengkong	reduceskillcd2	jinyan_hengkong	skill_eventskilllevel	jinyan_hengkong		jinyan_hengkong																																		Võ công cao cấp Hoa Sơn, dung hợp hai chiêu thức phá đao kiếm, khắc Nga Mi kiếm, Thúy Yên đao.
Hi Di Kiếm Pháp	Hỗ trợ bị động	1354	504	3	\spr\Ui\技能图标\150\希夷剑法.spr	\spr\skill\华山\气宗起手抠像.spr			0	0	0	3	0	0	0	0	0	2	7	0	-1	0	0	14	0	0	0		0	0	0	0	0	0	0	0	0	1	0	0	0	0	0	0	0	0	0	0	0	0	0	0	40	20	-2	0	0	0	0		0					0	0	0	-1	1	\script\skill\huashan.lua	addphysicsdamage_p	xiyi_jianfa		xiyi_jianfa		xiyi_jianfa		xiyi_jianfa		xiyi_jianfa		xiyi_jianfa		xiyi_jianfa		xiyi_jianfa		xiyi_jianfa		xiyi_jianfa		xiyi_jianfa		xiyi_jianfa		xiyi_jianfa		xiyi_jianfa		xiyi_jianfa		xiyi_jianfa		xiyi_jianfa		xiyi_jianfa		xiyi_jianfa		xiyi_jianfa		Kiếm Pháp do Hi Di tiên sinh sáng lập, có thể gia tăng uy lực chiêu kiếm
Thiên Thân Đảo Huyền	Công kích ngoại công  	1355	501	0	\spr\Ui\技能图标\150\天绅倒悬.spr	\spr\skill\华山\气宗起手抠像.spr	\sound\skill\sound_k003.wav	\sound\skill\sound_k008.wav	0	0	0	0	0	360	15	3	5	2	6	414	-1	4	1	10	-1	0	2		0	0	0	0	0	1	0	1	0	0	0	0	0	1	0	1	1356	0	0	0	0	0	0	0	50	20	0	1	30	0	0	0	0	0				0	0	0	2	1	\script\skill\huashan.lua	seriesdamage_p	tianshen_daoxuan	colddamage_v	tianshen_daoxuan	addskilldamage1	tianshen_daoxuan	addskilldamage2	tianshen_daoxuan	skill_eventskilllevel	tianshen_daoxuan		tianshen_daoxuan	deadlystrike_p	tianshen_daoxuan	physicsenhance_p	tianshen_daoxuan	skill_desc	tianshen_daoxuan		tianshen_daoxuan		tianshen_daoxuan		tianshen_daoxuan		tianshen_daoxuan		tianshen_daoxuan		tianshen_daoxuan		tianshen_daoxuan		tianshen_daoxuan		tianshen_daoxuan		tianshen_daoxuan		tianshen_daoxuan		Võ công cao cấp kiếm tông Hoa Sơn, dung hợp hai chiêu thức phá thương, hài, khắc cái bang côn và Thiên Nhẫn kích.
天绅倒悬2	Công kích ngoại công  	1356	501	0	\spr\Ui\技能图标\150\天绅倒悬.spr	\spr\skill\华山\气宗起手抠像.spr	0	0	0	0	0	0	0	0	0	0	0	2	7	275	-1	1	1	10	0	0	0		0	0	0	0	0	0	0	0	0	1	0	0	0	0	0	0	0	0	0	0	0	0	0	0	50	20	0	1	0	0	0	0	0	0				0	0	0	2	1	\script\skill\huashan.lua	candetonate1	pogun_poqiang	candetonate2	pogun_poqiang		pogun_poqiang		pogun_poqiang		pogun_poqiang		pogun_poqiang		pogun_poqiang		pogun_poqiang		pogun_poqiang		pogun_poqiang		pogun_poqiang		pogun_poqiang		pogun_poqiang		pogun_poqiang		pogun_poqiang		pogun_poqiang		pogun_poqiang		pogun_poqiang		pogun_poqiang		pogun_poqiang		Võ công cao cấp kiếm tông Hoa Sơn, dung hợp hai chiêu thức phá thương, hài, khắc cái bang côn và Thiên Nhẫn kích.
Cao Sơn Lưu Thủy 	Hỗ trợ bị động	1357	501	0	\spr\Ui\技能图标\150\天绅倒悬.spr				0	0	0	0	0	0	0	0	0	2	7	275	-1	1	1	14	-1	0	0		0	0	0	0	0	0	0	0	0	1	0	0	0	0	0	1	1356	0	0	0	0	0	0	0	50	20	0	0	0	0	0		0					0	0	0	-1	1	\script\skill\huashan.lua	reduceskillcd1	tianshen_daoxuan	reduceskillcd2	tianshen_daoxuan	skill_eventskilllevel	tianshen_daoxuan		tianshen_daoxuan		tianshen_daoxuan		tianshen_daoxuan																														Võ công cao cấp kiếm tông Hoa Sơn, dung hợp hai chiêu thức phá thương, hài, khắc cái bang côn và Thiên Nhẫn kích.
Huyễn Nhãn Vân Yên	Hỗ trợ bị động	1358	9999	2	\spr\Ui\技能图标\150\幻眼云湮.spr	\spr\skill\华山\气宗起手抠像.spr			0	0	0	2	0	0	0	0	0	2	7	0	-1	0	0	11	0	0	0		0	0	0	0	0	0	0	0	0	1	0	0	0	0	0	0	0	0	0	0	0	0	0	0	60	30	0	0	0	0	0		0					0	0	0	-1	1	\script\skill\huashan.lua	walkrunshadow	huanyan_yunyan	addcoldmagic_v	huanyan_yunyan	coldenhance_p	huanyan_yunyan	lifemax_yan_p	huanyan_yunyan		huanyan_yunyan	fastwalkrun_p	huanyan_yunyan																														Võ học chính phái phái Hoa Sơn
幻眼云湮2	Hỗ trợ bị động	1359	504	3	\spr\Ui\技能图标\150\幻眼云湮.spr	\spr\skill\华山\气宗起手抠像.spr			0	0	0	3	0	0	0	0	0	2	7	0	-1	0	0	14	0	0	0		0	0	0	0	0	0	0	0	0	0	0	0	0	0	0	0	0	0	0	0	0	0	0	0	10	30	0	0	0	0	0		0					0	0	0	-1	1	\script\skill\huashan.lua																																										Võ học chính phái phái Hoa Sơn
Thương Tùng Nghênh Khách	Công kích ngoại công  	1360	501	0	\spr\Ui\技能图标\150\苍松迎客.spr	\spr\skill\华山\气宗起手抠像.spr	\sound\skill\sound_k003.wav	\sound\skill\sound_k008.wav	0	0	0	0	0	480	15	4	15	2	0	415	-1	6	1	10	-1	0	0		0	0	0	0	0	1	0	1	0	0	0	0	0	0	0	1	1410	0	0	0	0	0	0	0	60	20	0	1	15	0	8	0	65537	0				0	0	0	2	1	\script\skill\huashan.lua	seriesdamage_p	cangsong_yingke	colddamage_v	cangsong_yingke	addskilldamage1	cangsong_yingke	addskilldamage2	cangsong_yingke	skill_eventskilllevel	cangsong_yingke		cangsong_yingke	deadlystrike_p	cangsong_yingke	physicsenhance_p	cangsong_yingke	skill_desc	cangsong_yingke		cangsong_yingke		cangsong_yingke		cangsong_yingke		cangsong_yingke		cangsong_yingke		cangsong_yingke		cangsong_yingke		cangsong_yingke		cangsong_yingke		cangsong_yingke		cangsong_yingke		Võ công cao cấp kiếm tông phái Hoa Sơn, dung hợp hai chiêu thức phá tiễn và chưởng, khắc Đường Môn nỏ, Đường Môn phi đao, Đường Môn Tiêu.
苍松迎客2	Công kích ngoại công  	1361	501	0	\spr\Ui\技能图标\150\苍松迎客.spr	\spr\skill\华山\气宗起手抠像.spr	\sound\skill\sound_k003.wav	\sound\skill\sound_k008.wav	0	0	0	0	0	480	15	4	15	2	0	416	-1	6	1	10	-1	0	2		0	0	0	0	0	1	0	1	0	0	0	0	0	0	0	1	1362	0	0	0	0	0	0	0	60	20	0	1	15	0	5	0	65537	0				0	0	0	2	1	\script\skill\huashan.lua	seriesdamage_p	cangsong_yingke	colddamage_v	cangsong_yingke	skill_eventskilllevel	cangsong_yingke	physicsenhance_p	cangsong_yingke		cangsong_yingke		cangsong_yingke		cangsong_yingke		cangsong_yingke		cangsong_yingke		cangsong_yingke		cangsong_yingke		cangsong_yingke		cangsong_yingke		cangsong_yingke		cangsong_yingke		cangsong_yingke		cangsong_yingke		cangsong_yingke		cangsong_yingke		cangsong_yingke		Võ công cao cấp kiếm tông phái Hoa Sơn, dung hợp hai chiêu thức phá tiễn và chưởng, khắc Đường Môn nỏ, Đường Môn phi đao, Đường Môn Tiêu.
苍松迎客3	Hỗ trợ bị động	1362	501	0	\spr\Ui\技能图标\150\苍松迎客.spr	\spr\skill\华山\气宗起手抠像.spr	\sound\skill\sound_k003.wav	\sound\skill\sound_k008.wav	0	0	0	0	0	480	15	4	15	2	0	417	-1	6	1	10	0	0	4		0	0	0	0	0	1	0	1	0	0	0	0	0	0	0	0	0	0	0	0	0	0	0	0	60	20	0	1	15	0	10	0	65537	0				0	0	0	2	1	\script\skill\huashan.lua	seriesdamage_p	cangsong_yingke	colddamage_v	cangsong_yingke	physicsenhance_p	cangsong_yingke		cangsong_yingke		cangsong_yingke		cangsong_yingke		cangsong_yingke		cangsong_yingke		cangsong_yingke		cangsong_yingke		cangsong_yingke		cangsong_yingke		cangsong_yingke		cangsong_yingke		cangsong_yingke		cangsong_yingke		cangsong_yingke		cangsong_yingke		cangsong_yingke		cangsong_yingke		Võ công cao cấp kiếm tông phái Hoa Sơn, dung hợp hai chiêu thức phá tiễn và chưởng, khắc Đường Môn nỏ, Đường Môn phi đao, Đường Môn Tiêu.
Thái Nhạc Tam Thanh Phong	Công kích ngoại công  	1363	501	0	\spr\Ui\技能图标\150\夺命连环三仙剑.spr	\spr\skill\华山\气宗起手抠像.spr	0	\sound\skill\sound_k009.wav	0	0	0	0	0	480	0	1	5	2	2	418	-1	3	1	11	0	0	5		0	0	0	0	0	1	0	1	0	0	0	0	0	0	0	0	0	0	0	0	0	0	0	0	90	20	0	1	0	0	6		0					0	0	1	2	1	\script\skill\huashan.lua	physicsenhance_p	duoming_lianhuan	seriesdamage_p	duoming_lianhuan	colddamage_v	duoming_lianhuan	deadlystrike_p	duoming_lianhuan	addskilldamage1	duoming_lianhuan	skill_skillexp_v	duoming_lianhuan		duoming_lianhuan		duoming_lianhuan		duoming_lianhuan		duoming_lianhuan		duoming_lianhuan		duoming_lianhuan		duoming_lianhuan		duoming_lianhuan		duoming_lianhuan		duoming_lianhuan		duoming_lianhuan		duoming_lianhuan		duoming_lianhuan		duoming_lianhuan		Chiêu thức cuối của kiếm tông phái Hoa Sơn, Ngự Kiếm Sát Địch, Mạc Phu Mạc Đương
Đoạt Mệnh Liên Hoàn Tam Tiên Kiếm	chủ động hỗ trợ 	1364	504	2	\spr\Ui\技能图标\150\夺命连环三仙剑.spr	\spr\skill\华山\气宗起手抠像.spr	0	\sound\skill\sound_k009.wav	0	0	0	2	0	0	0	0	0	2	7	0	-1	0	0	11	-1	0	0		0	0	0	0	0	0	0	0	0	1	0	0	0	0	0	1	1420	0	0	0	0	0	0	0	90	20	-2	0	0	0	0		0					1	0	1	2	1	\script\skill\huashan.lua	autoreplyskill	duoming_start	manareplenish_v	duoming_start	manareplenish_p	duoming_start	skill_skillexp_v	duoming_start	skill_eventskilllevel	duoming_start	skill_showevent	duoming_start		duoming_start		duoming_start		duoming_start																								Chiêu thức cuối của kiếm tông phái Hoa Sơn, Ngự Kiếm Sát Địch, Mạc Phu Mạc Đương
Tử Hà Kiếm Khí	hỗ trợ bị động 	1365	1008	3	\spr\Ui\技能图标\150\紫霞剑气.spr				0	2	0	3	0	0	0	0	0	2	7	0	-1	0	0	11	-1	0	0		0	0	0	0	0	0	0	0	0	1	0	0	0	0	0	0	0	0	0	0	0	0	0	0	120	20	-2	0	0	0	0		0					0	0	1	-1	1	\script\skill\huashan.lua	autorescueskill	zixia_jianqi	skill_skillexp_v	zixia_jianqi	skill_desc	zixia_jianqi																																				Tuyệt học Hoa Sơn, khi bị kẻ địch tấn công, làm giảm lực đánh trả của địch.
Lạc Nhạn Kinh Hồng	hỗ trợ bị động 	1366	1008	0	\spr\Ui\技能图标\150\白虹贯日.spr				166	2	0	0	0	0	0	0	0	0	7	275	-1	1	1	11	-1	0	0		0	0	0	0	0	0	0	0	0	1	0	0	0	0	0	0	0	0	0	0	0	0	0	0	0	20	-2	0	0	0	0		0					0	0	0	-1	1	\script\skill\huashan.lua	lifereplenish_v	zixia_xiaoguo		zixia_xiaoguo		zixia_xiaoguo																																				Tuyệt học Hoa Sơn, khi bị kẻ địch tấn công, làm giảm lực đánh trả của địch.
紫霞剑气3	hỗ trợ bị động 	1367	1008	2	\spr\Ui\技能图标\150\白虹贯日.spr				166	2	0	3	0	0	0	0	0	0	7	0	-1	0	0	11	0	0	0		0	0	0	0	0	0	0	0	0	1	0	0	0	0	0	0	0	0	0	0	0	0	0	0	0	20	-2	0	0	0	0		0					0	0	0	-1	1	\script\skill\huashan.lua																																										Tuyệt học Hoa Sơn, khi bị kẻ địch tấn công, làm giảm lực đánh trả của địch.
Độc Cô Cửu Kiếm	Công kích ngoại công  	1368	501	0	\spr\Ui\技能图标\150\九剑合一.spr	\spr\skill\华山\气宗起手抠像.spr	0	\sound\skill\sound_k009.wav	0	0	0	0	0	480	0	0	5	2	3	418	-1	9	1	11	0	0	5		0	0	0	0	0	1	0	1	0	0	0	0	0	0	0	0	0	0	0	0	0	0	0	0	150	26	0	1	0	0	0		0					0	0	1	2	1	\script\skill\huashan.lua	fatallystrike_p	jiujian_heyi	physicsenhance_p	jiujian_heyi	seriesdamage_p	jiujian_heyi	colddamage_v	jiujian_heyi	deadlystrike_p	jiujian_heyi	skill_skillexp_v	jiujian_heyi	skill_misslenum_v	jiujian_heyi		jiujian_heyi		jiujian_heyi		jiujian_heyi		jiujian_heyi		jiujian_heyi		jiujian_heyi		jiujian_heyi		jiujian_heyi		jiujian_heyi		jiujian_heyi		jiujian_heyi		jiujian_heyi		jiujian_heyi		Cửu kiếm hợp nhất, cửu vu tranh phong. Kiếm pháp đại thừa Hoa Sơn, dung hợp tinh hoa của Độc Cô Cửu Kiếm, uy lực cực đại.
Cửu kiếm hợp nhất	chủ động hỗ trợ 	1369	504	2	\spr\Ui\技能图标\150\九剑合一.spr	\spr\skill\华山\气宗起手抠像.spr	0	\sound\skill\sound_k009.wav	0	0	0	2	0	0	0	0	0	2	7	0	-1	0	0	11	-1	0	0		0	0	0	0	0	0	0	0	0	1	0	0	0	0	0	1	1421	0	0	0	0	0	0	0	150	26	-2	0	0	0	0		0					1	0	1	2	1	\script\skill\huashan.lua	autoattackskill	jiujian_start	manareplenish_v	jiujian_start	manareplenish_p	jiujian_start	skill_skillexp_v	jiujian_start	skill_desc	jiujian_start	skill_eventskilllevel	jiujian_start	skill_showevent	jiujian_start		jiujian_start																										Cửu kiếm hợp nhất, cửu vu tranh phong. Kiếm pháp đại thừa Hoa Sơn, dung hợp tinh hoa của Độc Cô Cửu Kiếm, uy lực cực đại.
Hạo Nhiên Chi Khí		1370	1008	3	\spr\Ui\技能图标\150\浩然正气.spr	\spr\skill\华山\剑宗起手光环.spr			0	0	0	3	0	0	0	0	0	0	7	0	-1	0	0	11	0	0	0		0	0	0	0	0	0	0	0	0	1	0	0	0	0	0	0	0	0	0	0	0	0	0	0	0	20	-2	0	0	0	0		0					0	0	1	-1	1	\script\skill\huashan.lua	addblockrate	haoran_zhiqi																																								Kỹ năng lưu truyền của Hoa Sơn, trong hiểm trở tìm cơ hội sinh tồn, lâm vào hoạn nạn thiên quân vẫn tự do tự tại.
浩然之气2		1371	1008	2	\spr\Ui\技能图标\150\白虹贯日.spr	\spr\skill\华山\剑宗起手光环.spr			171	2	0	3	0	0	0	0	0	0	7	0	-1	0	0	11	0	0	0		0	0	0	0	0	0	0	0	0	1	0	0	0	0	0	0	0	0	0	0	0	0	0	0	0	20	-2	0	0	0	0		0					0	0	0	-1	1	\script\skill\huashan.lua																																										Kỹ năng lưu truyền của Hoa Sơn, trong hiểm trở tìm cơ hội sinh tồn, lâm vào hoạn nạn thiên quân vẫn tự do tự tại.
Thanh Vân Tống Sảng	chủ động hỗ trợ 	1372	1002	0	\spr\Ui\技能图标\150\无极气劲.spr	\spr\skill\华山\剑宗起手光环.spr	\sound\skill\sound_k003.wav	\sound\skill\sound_k008.wav	0	0	0	0	0	400	15	0	5	2	1	427	-1	1	1	11	-1	0	5		0	0	0	0	0	0	0	1	0	0	0	0	0	0	0	0	0	0	0	0	0	0	0	0	10	20	0	1	0	0	0	0	0	0				0	0	0	2	1	\script\skill\huashan.lua	seriesdamage_p	qingfeng_songshuang	colddamage_v	qingfeng_songshuang	addskilldamage1	qingfeng_songshuang	skill_cost_v	qingfeng_songshuang		qingfeng_songshuang		qingfeng_songshuang		qingfeng_songshuang		qingfeng_songshuang		qingfeng_songshuang		qingfeng_songshuang		qingfeng_songshuang																				Chiêu thức sơ cấp của khí tông Hoa Sơn, hội tụ nội lực đánh trả đối phương.
Kỹ năng vô hiệu Thanh Phong Chiếm Vị		1373	1002	0	\spr\Ui\技能图标\150\无极气劲.spr	\spr\skill\华山\剑宗起手光环.spr			0	0	0	0	0	0	0	0	0	2	7	275	-1	1	1	11	0	0	0		0	0	0	0	0	0	0	0	1	1	0	0	0	0	0	0	0	0	0	0	0	0	0	0	10	20	0	1	0	0	0	0	0	0				0	0	0	-1	1	\script\skill\huashan.lua	candetonate1	wuji_jianqi2																																								Một trong những thất tuyệt của phái Hoa Sơn, tạo ra một khí trường xung quanh, gia tăng năng lực bản thân lên nhiều lần.
Long Nhiễu Thân	hỗ trợ bị động 	1374	1005	3	\spr\Ui\技能图标\150\龙扰身.spr	\spr\skill\华山\剑宗起手光环.spr			0	0	0	3	0	0	0	0	0	0	7	0	-1	0	0	11	0	0	0		0	0	0	0	0	0	0	0	0	1	0	0	0	0	0	0	0	0	0	0	0	0	0	0	10	20	-2	0	0	0	0		0					0	0	0	-1	1	\script\skill\huashan.lua	manareplenish_v	longraoshen	manamax_yan_p	longraoshen																																						Một trong những thất tuyệt của phái Hoa Sơn, tăng giới hạn nội công.
Hải Nạp Bách Xuyên	hỗ trợ bị động 	1375	1005	3	\spr\Ui\技能图标\150\海纳百川.spr	\spr\skill\华山\剑宗起手光环.spr			0	0	0	3	0	0	0	0	0	0	7	0	-1	0	0	11	0	0	0		0	0	0	0	0	0	0	0	0	1	0	0	0	0	0	0	0	0	0	0	0	0	0	0	20	20	-2	0	0	0	0		0					0	0	0	-1	1	\script\skill\huashan.lua	damage2addmana_p	haina_baichuan																																								Một trong những thất tuyệt của phái Hoa Sơn, chuyển hóa sát thương thành nội công bản thân.
Long Huyền Kiếm Khí		1376	1002	0	\spr\Ui\技能图标\150\龙旋气劲.spr	\spr\skill\华山\剑宗起手光环.spr			0	0	0	0	0	360	0	0	0	2	6	421	-1	1	1	11	-1	0	5		0	0	0	0	0	0	0	0	1	1	0	0	0	1	0	1	1377	0	0	0	0	0	0	0	30	20	0	1	0	0	0	0	0	0				0	0	0	2	1	\script\skill\huashan.lua	sorbdamage_yan_p	longxuan_jianqi1	anti_do_hurt_p	longxuan_jianqi1	skill_cost_v	longxuan_jianqi1	addskilldamage1	longxuan_jianqi1	lifemax_p	longxuan_jianqi1	lifemax_yan_p	longxuan_jianqi1		longxuan_jianqi1		longxuan_jianqi1																										Một trong những thất tuyệt của phái Hoa Sơn, tạo thành khí trường xung quanh mình, nâng cao năng lực phòng ngự.
Long Huyền Kiếm Khí 2		1377	1002	0	\spr\Ui\技能图标\150\龙旋气劲.spr	\spr\skill\华山\剑宗起手光环.spr			0	0	0	0	0	0	0	0	0	2	7	275	-1	1	1	11	0	0	0		0	0	0	0	0	0	0	0	1	1	0	0	0	0	0	0	0	0	0	0	0	0	0	0	30	20	0	1	0	0	0	0	0	0				0	0	0	-1	1	\script\skill\huashan.lua	candetonate1	longxuan_jianqi2																																								Một trong những thất tuyệt của phái Hoa Sơn, tạo thành khí trường xung quanh mình, nâng cao sát thương đối phương.
Khí Chấn Sơn Hà		1378	1005	3	\spr\Ui\技能图标\150\气震山河.spr	\spr\skill\华山\剑宗起手光环.spr			0	0	0	3	0	0	0	0	0	0	7	0	-1	0	0	11	0	0	0		0	0	0	0	0	0	0	0	0	1	0	0	0	0	0	0	0	0	0	0	0	0	0	0	40	20	-2	0	0	0	0		0					0	0	0	-1	1	\script\skill\huashan.lua	meleedamagereturnmana_p	qizhen_shanhe	rangedamagereturnmana_p	qizhen_shanhe																																						Một trong những thất tuyệt của phái Hoa Sơn, chuyển khí công thành khinh công, tiêu hao nội công đối thủ.
Khí Quán Trường Hồng		1379	1005	3	\spr\Ui\技能图标\150\气贯长虹.spr	\spr\skill\华山\剑宗起手光环.spr			0	0	0	3	0	0	0	0	0	0	7	0	-1	0	0	11	0	0	0		0	0	0	0	0	0	0	0	0	1	0	0	0	0	0	0	0	0	0	0	0	0	0	0	50	20	-2	0	0	0	0		0					0	0	0	-1	1	\script\skill\huashan.lua	manatoskill_enhance	qiguan_changhong																																								Một trong những thất tuyệt của phái Hoa Sơn, nội lực thâm hậu, uy lực kiếm pháp khí tông cực lớn.
Ma Vân Kiếm Khí		1380	1002	0	\spr\Ui\技能图标\150\摩云气劲.spr	\spr\skill\华山\剑宗起手光环.spr			0	0	0	0	0	360	0	0	5	2	6	419	-1	1	1	11	-1	0	5		0	0	0	63	0	0	0	1	0	0	0	0	0	1	0	1	1381	0	0	0	0	0	1	1411	60	20	0	1	0	0	0	0	0	0				0	0	0	2	1	\script\skill\huashan.lua	fastwalkrun_p	shenguang_xuanrao	skill_enhance	shenguang_xuanrao	skill_eventskilllevel	shenguang_xuanrao	skill_showevent	shenguang_xuanrao	skill_cost_v	shenguang_xuanrao	skill_desc	shenguang_xuanrao	addskilldamage1	shenguang_xuanrao		shenguang_xuanrao		shenguang_xuanrao		shenguang_xuanrao		shenguang_xuanrao		shenguang_xuanrao		shenguang_xuanrao																Khí trường siêu cấp của khí tông Hoa Sơn, gia tăng năng lực phe mình, làm suy yếu năng lực đối phương.
Kiếm Khí Vô Cấp		1381	1002	0	\spr\Ui\技能图标\150\神光旋绕.spr	\spr\skill\华山\剑宗起手光环.spr			0	0	0	0	0	360	0	0	5	2	6	428	-1	1	1	11	-1	0	5		0	0	0	0	0	0	0	0	1	1	0	0	0	1	0	0	0	0	0	0	0	0	0	0	60	20	0	0	0	0	0	0	0	0				0	0	0	2	1	\script\skill\huashan.lua	sorbdamage_yan_p	new_wuji	anti_do_hurt_p	new_wuji	lifemax_p	new_wuji	lifemax_yan_p	new_wuji	lifereplenish_v	new_wuji	manareplenish_v	new_wuji		new_wuji		new_wuji		new_wuji		new_wuji		new_wuji		new_wuji		new_wuji		new_wuji														Kiếm pháp siêu cấp khi tông Hoa Sơn, bùng nổ khí trường trong phạm vu nhất định, gây ra sát thương diện rộng.
Phách Thạch Phá Ngọc		1382	1002	0	\spr\Ui\技能图标\150\劈石破玉.spr	\spr\skill\华山\剑宗起手光环.spr			0	0	0	0	0	380	0	2	5	2	1	426	-1	3	1	10	0	0	0		0	0	0	0	0	0	0	1	0	0	0	0	0	0	0	0	0	0	0	0	0	0	0	0	90	20	0	1	60	0	10		0					0	0	1	2	1	\script\skill\huashan.lua	seriesdamage_p	pishi_poyu	colddamage_v	pishi_poyu	skill_skillexp_v	pishi_poyu	skill_cost_v	pishi_poyu	addskillexp1	pishi_poyu		pishi_poyu		pishi_poyu		pishi_poyu																										Võ học đại thừa khí tông Hoa Sơn, ngự khí vu ngoại, có thể phá sơn liệt thạch.
劈石破玉2		1383	1002	0	\spr\Ui\技能图标\150\劈石破玉.spr	\spr\skill\华山\剑宗起手光环.spr			0	0	0	0	0	220	0	0	0	2	1	426	-1	1	1	9	0	0	5		0	0	0	0	0	0	0	1	0	0	0	0	0	0	0	0	0	0	0	0	0	0	0	0	90	20	0	0	0	0	0		0					0	0	0	2	0	\script\skill\huashan.lua	seriesdamage_p	pishi_poyu	colddamage_v	pishi_poyu		pishi_poyu																																				Võ học đại thừa khí tông Hoa Sơn, ngự khí vu ngoại, có thể phá sơn liệt thạch.
Thần Quang Toàn Nhiễu		1384	1002	0	\spr\Ui\技能图标\150\神光旋绕.spr	\spr\skill\华山\剑宗起手光环.spr			0	0	0	0	0	600	0	0	0	2	7	425	-1	1	1	11	0	0	0		0	0	0	0	0	0	0	0	1	1	0	0	0	0	0	0	0	0	0	0	0	0	0	0	150	26	0	1	0	0	0	0	0	0				0	0	1	2	1	\script\skill\huashan.lua	candetonate1	shenguang_xuanrao1	candetonate2	shenguang_xuanrao1	skill_cost_v	shenguang_xuanrao1	skill_desc	shenguang_xuanrao1	skill_skillexp_v	shenguang_xuanrao1		shenguang_xuanrao1		shenguang_xuanrao1		shenguang_xuanrao1		shenguang_xuanrao1		shenguang_xuanrao1		shenguang_xuanrao1		shenguang_xuanrao1		shenguang_xuanrao1		shenguang_xuanrao1														Kiếm pháp đại thừa khí tông Hoa Sơn, phát nổ khí trường xung quanh trong phạm vi nhất định, gây ra sát thương diện rộng và hiệu quả đóng băng.
