Loai,So,DungBoi_Linux,JX1_DangDungChoGi,MucDo,CachXuLy,PhamVi
ITEM,"6,1,1075","[satthu] 6,1,1075 = ""Hộp lệ vật [quả Huy Hoàng]"" | script\missions\boss\bigboss.lua:38; script\missions\boss\bigboss.lua:44","JX1 cung so = ""Hộp lễ vật Hồng bao thần bí"" (settings\item\magicscript.txt) - VAT PHAM KHAC HAN; vat pham dung ten nam o 6,1,1076",TRUNG NANG,"Anh xa 6,1,1075 -> 6,1,1076 truoc khi port (neu khong se phat NHAM do)",
ITEM,"6,1,1094","[phonglangdo] 6,1,1094 = ""Thí Giả Chi ấn"" | script\missions\fengling_ferry\bossdeath.lua:22(DropItem)","JX1 cung so = ""Thiệp Hoàng Kim Đại Lực Thần"" (settings\item\magicscript.txt) - VAT PHAM KHAC HAN; vat pham dung ten nam o 6,1,1095",TRUNG NANG,"Anh xa 6,1,1094 -> 6,1,1095 truoc khi port (neu khong se phat NHAM do)",
ITEM,"6,1,1392","[vuotai] 6,1,1392 = ""Hộp lễ vật vượt ải"" | script\missions\challengeoftime\award.lua:226(DropItem)","JX1 cung so = ""Bao nguyên liệu An Bang hoàn hảo"" (settings\item\magicscript.txt) - VAT PHAM KHAC HAN; vat pham dung ten nam o 6,1,1401",TRUNG NANG,"Anh xa 6,1,1392 -> 6,1,1401 truoc khi port (neu khong se phat NHAM do)",
ITEM,"6,1,1672","[satthu] 6,1,1672 = ""Bắc Đẩu truyền công thuật"" | script\missions\boss\bigboss.lua:49","JX1 cung so = ""Bánh chưng hảo hạng"" (settings\item\magicscript.txt) - VAT PHAM KHAC HAN; vat pham dung ten nam o 6,1,1681",TRUNG NANG,"Anh xa 6,1,1672 -> 6,1,1681 truoc khi port (neu khong se phat NHAM do)",
ITEM,"6,1,1765","[satthu] 6,1,1765 = ""Tiên Thảo Lộ đặc biệt"" | script\missions\boss\bigboss.lua:56","JX1 cung so = ""Phong"" (settings\item\magicscript.txt) - VAT PHAM KHAC HAN; vat pham dung ten nam o 6,1,1182;6,1,1774",TRUNG NANG,"Anh xa 6,1,1765 -> 6,1,1182;6,1,1774 truoc khi port (neu khong se phat NHAM do)",
ITEM,"6,1,1781","[satthu] 6,1,1781 = ""Cẩm nang thay đổi trời đất"" | script\task\tollgate\killer\mibao_head.lua:21","JX1 cung so = ""Kim Trụ"" (settings\item\magicscript.txt) - VAT PHAM KHAC HAN; vat pham dung ten nam o 6,1,1790;6,1,3656",TRUNG NANG,"Anh xa 6,1,1781 -> 6,1,1790;6,1,3656 truoc khi port (neu khong se phat NHAM do)",
ITEM,"6,1,2006","[satthu] 6,1,2006 = ""Khiêu chiến Lễ bao"" | script\task\tollgate\killer\mibao_head.lua:18","JX1 cung so = ""<<未翻译>>"" (settings\item\magicscript.txt) - VAT PHAM KHAC HAN; vat pham dung ten nam o 6,1,2015",TRUNG NANG,"Anh xa 6,1,2006 -> 6,1,2015 truoc khi port (neu khong se phat NHAM do)",
ITEM,"6,1,2015","[phonglangdo] 6,1,2015 = ""Truy công lệnh"" | script\missions\fengling_ferry\bossdeath.lua:31(DropItem); script\missions\fengling_ferry\shuizeideath.lua:13(DropItem)","JX1 cung so = ""Khiêu chiến Lễ bao"" (settings\item\magicscript.txt) - VAT PHAM KHAC HAN; vat pham dung ten nam o 6,1,2024",TRUNG NANG,"Anh xa 6,1,2015 -> 6,1,2024 truoc khi port (neu khong se phat NHAM do)",
ITEM,"6,1,2115","[phonglangdo+satthu] 6,1,2115 = ""Hải long châu"" | script\missions\fengling_ferry\bossdeath.lua:42(DropItem); script\missions\boss\bigboss.lua:51","JX1 cung so = ""Bách Hoa Lộ"" (settings\item\magicscript.txt) - VAT PHAM KHAC HAN; vat pham dung ten nam o 6,1,2124",TRUNG NANG,"Anh xa 6,1,2115 -> 6,1,2124 truoc khi port (neu khong se phat NHAM do)",
ITEM,"6,1,2116","[vuotai] 6,1,2116 = ""Thiên Niên Linh Dược"" | script\missions\challengeoftime\rank_perday.lua:13","JX1 cung so = ""Bột mì trộn mật ong"" (settings\item\magicscript.txt) - VAT PHAM KHAC HAN; vat pham dung ten nam o 6,1,2125",TRUNG NANG,"Anh xa 6,1,2116 -> 6,1,2125 truoc khi port (neu khong se phat NHAM do)",
ITEM,"6,1,2117","[satthu] 6,1,2117 = ""Long Huyết Hoàn"" | script\missions\boss\bigboss.lua:52","JX1 cung so = ""Xảo quả"" (settings\item\magicscript.txt) - VAT PHAM KHAC HAN; vat pham dung ten nam o 6,1,2126",TRUNG NANG,"Anh xa 6,1,2117 -> 6,1,2126 truoc khi port (neu khong se phat NHAM do)",
ITEM,"6,1,2126","[satthu] 6,1,2126 = ""Nhất Kỷ Càn Khôn Phù"" | script\missions\boss\bigboss.lua:39","JX1 cung so = ""Long Huyết Hoàn"" (settings\item\magicscript.txt) - VAT PHAM KHAC HAN; vat pham dung ten nam o 6,1,2135",TRUNG NANG,"Anh xa 6,1,2126 -> 6,1,2135 truoc khi port (neu khong se phat NHAM do)",
ITEM,"6,1,2127","[satthu] 6,1,2127 = ""Bắc Đẩu Luyện Kim Thuật (Quyển 1)"" | script\missions\boss\bigboss.lua:31","JX1 cung so = ""<<未翻译>>"" (settings\item\magicscript.txt) - VAT PHAM KHAC HAN; vat pham dung ten nam o 6,1,2136",TRUNG NANG,"Anh xa 6,1,2127 -> 6,1,2136 truoc khi port (neu khong se phat NHAM do)",
ITEM,"6,1,215","[satthu+vuotai] 6,1,215 = ""Càn Khôn Tạo Hóa Đan (đại)"" | script\missions\boss\bigboss.lua:85; script\missions\challengeoftime\chuangguang30.lua:44","JX1 cung so = ""Càn Khôn Tạo Hóa Đan (trung)"" (settings\item\magicscript.txt) - VAT PHAM KHAC HAN; vat pham dung ten nam o 6,1,214",TRUNG NANG,"!!! TEN GAN GIONG - RAT DE BO SOT KHI DUYET TAY. Anh xa 6,1,215 -> 6,1,214 truoc khi port (neu khong se phat NHAM do)",
ITEM,"6,1,2219","[satthu] 6,1,2219 = ""Càn Khôn Song Tuyệt Bội"" | script\missions\boss\bigboss.lua:65","JX1 cung so = ""<<未翻译>>"" (settings\item\magicscript.txt) - VAT PHAM KHAC HAN; vat pham dung ten nam o 6,1,2228",TRUNG NANG,"Anh xa 6,1,2219 -> 6,1,2228 truoc khi port (neu khong se phat NHAM do)",
ITEM,"6,1,2347","[satthu] 6,1,2347 = ""Sát Thủ Bí Bảo"" | script\task\tollgate\killer\lib_killlevel.lua:105","JX1 cung so = ""Khấp Địa Quần lễ hộp"" (settings\item\magicscript.txt) - VAT PHAM KHAC HAN; vat pham dung ten nam o 6,1,2356",TRUNG NANG,"Anh xa 6,1,2347 -> 6,1,2356 truoc khi port (neu khong se phat NHAM do)",
ITEM,"6,1,2348","[satthu] 6,1,2348 = ""Huyền Thiên Chùy"" | script\task\tollgate\killer\shashou_mibao.lua:21(ConsumeItem)","JX1 cung so = ""Sát Thủ Giản lễ hộp"" (settings\item\magicscript.txt) - VAT PHAM KHAC HAN; vat pham dung ten nam o 6,1,2357",TRUNG NANG,"Anh xa 6,1,2348 -> 6,1,2357 truoc khi port (neu khong se phat NHAM do)",
ITEM,"6,1,2350","[satthu] 6,1,2350 = ""Tử Mãng Lệnh"" | script\task\tollgate\killer\mibao_head.lua:12","JX1 cung so = ""Hộp bánh chưng"" (settings\item\magicscript.txt) - VAT PHAM KHAC HAN; vat pham dung ten nam o 6,1,2359",TRUNG NANG,"Anh xa 6,1,2350 -> 6,1,2359 truoc khi port (neu khong se phat NHAM do)",
ITEM,"6,1,2351","[satthu] 6,1,2351 = ""Huyền Viên Lệnh"" | script\task\tollgate\killer\mibao_head.lua:13","JX1 cung so = ""Hồng Bao Đoan Ngọ"" (settings\item\magicscript.txt) - VAT PHAM KHAC HAN; vat pham dung ten nam o 6,1,2360",TRUNG NANG,"Anh xa 6,1,2351 -> 6,1,2360 truoc khi port (neu khong se phat NHAM do)",
ITEM,"6,1,2352","[satthu] 6,1,2352 = ""Thương Lang Lệnh"" | script\task\tollgate\killer\mibao_head.lua:14","JX1 cung so = ""Tiểu Hồng Hoa Đoan Ngọ"" (settings\item\magicscript.txt) - VAT PHAM KHAC HAN; vat pham dung ten nam o 6,1,2361",TRUNG NANG,"Anh xa 6,1,2352 -> 6,1,2361 truoc khi port (neu khong se phat NHAM do)",
ITEM,"6,1,2353","[satthu] 6,1,2353 = ""Vân Lộc Lệnh"" | script\task\tollgate\killer\mibao_head.lua:15","JX1 cung so = ""Lễ Hộp Đoan Ngọ"" (settings\item\magicscript.txt) - VAT PHAM KHAC HAN; vat pham dung ten nam o 6,1,2362",TRUNG NANG,"Anh xa 6,1,2353 -> 6,1,2362 truoc khi port (neu khong se phat NHAM do)",
ITEM,"6,1,2527","[satthu] 6,1,2527 = ""Hồi thiên tái tạo lễ bao"" | script\missions\boss\bigboss.lua:84","JX1 cung so = ""Cao thiểm hoàn lễ bao"" (settings\item\magicscript.txt) - VAT PHAM KHAC HAN; vat pham dung ten nam o 6,1,2536",TRUNG NANG,"Anh xa 6,1,2527 -> 6,1,2536 truoc khi port (neu khong se phat NHAM do)",
ITEM,"6,1,2571","[phonglangdo] 6,1,2571 = ""Thư của Long Nhi"" | script\activitysys\config\32\talkdailytask.lua:108; script\activitysys\config\32\talkdailytask.lua:174; script\activitysys\config\32\talkdailytask.lua:178","JX1 cung so = ""Huyền Cơ Bảo Đồ Cẩm Nang ( nhỏ)"" (settings\item\magicscript.txt) - VAT PHAM KHAC HAN; vat pham dung ten nam o 6,1,2580",TRUNG NANG,"Anh xa 6,1,2571 -> 6,1,2580 truoc khi port (neu khong se phat NHAM do)",
ITEM,"6,1,2742","[vuotai] 6,1,2742 = ""Bảo Rương Vượt ải"" | script\missions\challengeoftime\award.lua:90","JX1 cung so = ""Bảo Rương Tử Mãng Khí Giới"" (settings\item\magicscript.txt) - VAT PHAM KHAC HAN; vat pham dung ten nam o 6,1,3360",TRUNG NANG,"!!! TEN GAN GIONG - RAT DE BO SOT KHI DUYET TAY. Anh xa 6,1,2742 -> 6,1,3360 truoc khi port (neu khong se phat NHAM do)",
ITEM,"6,1,2743","[phonglangdo] 6,1,2743 = ""Bảo Rương Thủy Tặc"" | script\missions\fengling_ferry\mission.lua:120","JX1 cung so = ""Tử Mãng Giám Định Phù"" (settings\item\magicscript.txt) - VAT PHAM KHAC HAN; vat pham dung ten nam o 6,1,3361",TRUNG NANG,"Anh xa 6,1,2743 -> 6,1,3361 truoc khi port (neu khong se phat NHAM do)",
ITEM,"6,1,2744","[vuotai] 6,1,2744 = ""Chìa Khóa Như ý"" | script\missions\challengeoftime\item\chuangguanbaoxiang.lua:18(tup3)","JX1 cung so = ""Tử Mãng Quy Nguyên Phù"" (settings\item\magicscript.txt) - VAT PHAM KHAC HAN; vat pham dung ten nam o 6,1,3362",TRUNG NANG,"Anh xa 6,1,2744 -> 6,1,3362 truoc khi port (neu khong se phat NHAM do)",
ITEM,"6,1,2823","[satthu] 6,1,2823 = ""Huy Chương Chiến Công"" | script\task\tollgate\killer\lib_killlevel.lua:118","JX1 cung so = ""越南自定义道具154"" (settings\item\magicscript.txt) - VAT PHAM KHAC HAN; vat pham dung ten nam o 6,1,1827;6,1,3441;6,1,4825",TRUNG NANG,"Anh xa 6,1,2823 -> 6,1,1827;6,1,3441;6,1,4825 truoc khi port (neu khong se phat NHAM do)",
ITEM,"6,1,2825","[satthu] 6,1,2825 = ""Cây Bút"" | script\task\tollgate\killer\lib_killlevel.lua:119","JX1 cung so = ""越南自定义道具156"" (settings\item\magicscript.txt) - VAT PHAM KHAC HAN; vat pham dung ten nam o 6,1,2183;6,1,3443;6,1,3658;6,1,4048",TRUNG NANG,"Anh xa 6,1,2825 -> 6,1,2183;6,1,3443;6,1,3658;6,1,4048 truoc khi port (neu khong se phat NHAM do)",
ITEM,"6,1,2826","[satthu] 6,1,2826 = ""Phù Hiệu"" | script\task\tollgate\killer\lib_killlevel.lua:120","JX1 cung so = ""越南自定义道具104"" (settings\item\magicscript.txt) - VAT PHAM KHAC HAN; vat pham dung ten nam o 6,1,3444",TRUNG NANG,"Anh xa 6,1,2826 -> 6,1,3444 truoc khi port (neu khong se phat NHAM do)",
ITEM,"6,1,2952","[satthu] 6,1,2952 = ""Kích Công Trợ Lực Hoàn"" | script\missions\boss\bigboss.lua:86","JX1 cung so = ""越南自定义道具283"" (settings\item\magicscript.txt) - VAT PHAM KHAC HAN; vat pham dung ten nam o 6,1,3570",TRUNG NANG,"Anh xa 6,1,2952 -> 6,1,3570 truoc khi port (neu khong se phat NHAM do)",
ITEM,"6,1,2953","[satthu] 6,1,2953 = ""Âm Dương Hoạt Huyết Đơn"" | script\missions\boss\bigboss.lua:87","JX1 cung so = ""Chìa khóa vàng"" (settings\item\magicscript.txt) - VAT PHAM KHAC HAN; vat pham dung ten nam o 6,1,3571",TRUNG NANG,"Anh xa 6,1,2953 -> 6,1,3571 truoc khi port (neu khong se phat NHAM do)",
ITEM,"6,1,3022","[satthu] 6,1,3022 = ""Thiên Linh Đơn"" | script\missions\boss\bigboss.lua:97","JX1 cung so = ""越南自定义道具353"" (settings\item\magicscript.txt) - VAT PHAM KHAC HAN; vat pham dung ten nam o 6,1,3640",TRUNG NANG,"Anh xa 6,1,3022 -> 6,1,3640 truoc khi port (neu khong se phat NHAM do)",
ITEM,"6,1,3203","[phonglangdo+vuotai] 6,1,3203 = ""Hộ Mạch Đơn"" | script\activitysys\config\32\variables.lua:15; script\missions\challengeoftime\item\chuangguanbaoxiang.lua:63","JX1 cung so = ""越南自定义道具534"" (settings\item\magicscript.txt) - VAT PHAM KHAC HAN; vat pham dung ten nam o 6,1,3821;6,1,4844",TRUNG NANG,"Anh xa 6,1,3203 -> 6,1,3821;6,1,4844 truoc khi port (neu khong se phat NHAM do)",
ITEM,"6,1,3454","[satthu] 6,1,3454 = ""Thuốc tăng trưởng"" | script\missions\boss\bigboss.lua:95","JX1 cung so = ""Ngũ Sắc Hoa"" (settings\item\magicscript.txt) - VAT PHAM KHAC HAN; vat pham dung ten nam o 6,1,4072",TRUNG NANG,"Anh xa 6,1,3454 -> 6,1,4072 truoc khi port (neu khong se phat NHAM do)",
ITEM,"6,1,3810","[satthu+vuotai] 6,1,3810 = ""Tinh Thiết Khoáng"" | script\task\tollgate\killer\kill_level.lua:92; script\missions\challengeoftime\chuangguang30.lua:40; script\missions\challengeoftime\item\chuangguanbaoxiang.lua:68","JX1 cung so = ""稽查令"" (settings\item\magicscript.txt) - VAT PHAM KHAC HAN; vat pham dung ten nam o 6,1,4428",TRUNG NANG,"Anh xa 6,1,3810 -> 6,1,4428 truoc khi port (neu khong se phat NHAM do)",
ITEM,"6,1,3811","[satthu+vuotai] 6,1,3811 = ""Tinh Tinh Khoáng"" | script\task\tollgate\killer\kill_level.lua:91; script\missions\challengeoftime\chuangguang30.lua:39; script\missions\challengeoftime\item\chuangguanbaoxiang.lua:67","JX1 cung so = ""手中线"" (settings\item\magicscript.txt) - VAT PHAM KHAC HAN; vat pham dung ten nam o 6,1,4429",TRUNG NANG,"Anh xa 6,1,3811 -> 6,1,4429 truoc khi port (neu khong se phat NHAM do)",
ITEM,"6,1,399","[satthu] 6,1,399 = ""Sát Thủ lệnh"" | script\task\tollgate\killer\lib_killlevel.lua:103(AddItem); script\task\tollgate\killer\lib_killlevel.lua:73(AddItem); script\task\tollgate\killer\lib_killlevel.lua:77(AddItem)","JX1 cung so = ""Sát thủ giản"" (settings\item\magicscript.txt) - VAT PHAM KHAC HAN; vat pham dung ten nam o 2,1,399;6,1,398",TRUNG NANG,"!!! TEN GAN GIONG - RAT DE BO SOT KHI DUYET TAY. Anh xa 6,1,399 -> 2,1,399;6,1,398 truoc khi port (neu khong se phat NHAM do)",
ITEM,"6,1,400","[satthu+vuotai] 6,1,400 = ""Sát thủ giản"" | script\task\tollgate\killer\nieshichen.lua:204(AddItem); script\missions\challengeoftime\npc\dragonboat_main.lua:136(CalcEquiproomItemCount)","JX1 cung so = ""Sư đồ thiếp"" (settings\item\magicscript.txt) - VAT PHAM KHAC HAN; vat pham dung ten nam o 2,1,400;6,1,399",TRUNG NANG,"Anh xa 6,1,400 -> 2,1,400;6,1,399 truoc khi port (neu khong se phat NHAM do)",
ITEM,"6,1,4134","[vuotai] 6,1,4134 = ""Chân Nguyên Đan"" | script\missions\challengeoftime\item\chuangguanbaoxiang.lua:59","JX1 cung so = ""Lệnh bài Bắc Đẩu - Viêm Đế cấp 2"" (settings\item\magicscript.txt) - VAT PHAM KHAC HAN; vat pham dung ten nam o 6,1,3926;6,1,4752",TRUNG NANG,"Anh xa 6,1,4134 -> 6,1,3926;6,1,4752 truoc khi port (neu khong se phat NHAM do)",
ITEM,"6,1,4149","[satthu] 6,1,4149 = ""Sách kĩ năng cấp 150 cấp 22"" | script\missions\boss\bigboss.lua:64","JX1 cung so = ""春季限供面具—初窥门径"" (settings\item\magicscript.txt) - VAT PHAM KHAC HAN; vat pham dung ten nam o 6,1,4755",TRUNG NANG,"Anh xa 6,1,4149 -> 6,1,4755 truoc khi port (neu khong se phat NHAM do)",
ITEM,"6,1,906","[satthu] 6,1,906 = ""Quả Huy Hoàng (cao)"" | script\task\tollgate\killer\mibao_head.lua:19","JX1 cung so = ""Quả Huy Hoàng (trung)"" (settings\item\magicscript.txt) - VAT PHAM KHAC HAN; vat pham dung ten nam o 6,1,3440;6,1,907",TRUNG NANG,"!!! TEN GAN GIONG - RAT DE BO SOT KHI DUYET TAY. Anh xa 6,1,906 -> 6,1,3440;6,1,907 truoc khi port (neu khong se phat NHAM do)",
ITEM,"6,1,907","[satthu] 6,1,907 = ""Quả Hoàng Kim"" | script\missions\boss\bigboss.lua:37; script\missions\boss\bigboss.lua:96; script\task\tollgate\killer\mibao_head.lua:20","JX1 cung so = ""Quả Huy Hoàng (cao)"" (settings\item\magicscript.txt) - VAT PHAM KHAC HAN; vat pham dung ten nam o 6,1,908",TRUNG NANG,"!!! TEN GAN GIONG - RAT DE BO SOT KHI DUYET TAY. Anh xa 6,1,907 -> 6,1,908 truoc khi port (neu khong se phat NHAM do)",
MAP,"337,338,339","[phonglangdo] boatMAPS = {337,338,339} - script\missions\fengling_ferry\fld_head.lua:12; boss.lua:28,44,60","JX1 DANG DUNG: MAP_DUATHUYEN_PLD = {337,338,339} cua Phong Lang Do ban VN (script\tinhnang\phonglangdo\lib_phonglangdo.lua:108-112), mission 4 (missions.txt dong 4 -> mission04.lua), MS_PLANGDO = 4 (lib_task.lua:285)",TRUNG NANG,Hai he Phong Lang Do cung 3 map ben thuyen. Phai go han ban VN (ke ca addnpcphonglangdo() o script\startgame.lua:100 dang spawn 6 NPC Thuyen phu moi lan khoi dong) truoc khi tha ban JX2 vao.,LOI
MAP,480..489 (10 map),[vuotai] tbLevelMaps[2] = {480..495} - script\missions\challengeoftime\include.lua:97-102,"JX1 DANG DUNG: MAP_VUOTAI = {480,481,...,489} cua Vuot Ai ban VN (script\tinhnang\vuot_ai\lib_vuotai.lua:33-44), mo boi mission 3 (settings\task\missions.txt dong 3 -> script\missions\mission03.lua) - MS_VUOTAI = 3 (script\lib\lib_task.lua:284)",TRUNG NANG,"HAI he Vuot Ai cung chiem 10 map. Phai chon: (a) go han Vuot Ai VN, hoac (b) doi tbLevelMaps[2] sang 490..500 (MapList.ini co san 464..500 deu la 'sat thu de thi luyen'). Lich Vuot Ai VN dang bi chu thich o script\timerserver.lua:79 nhung mission 3 VAN dang ky.",LOI
NPC_TPL,1032,"[vuotai] npcs.txt ban Linux dong 1033 = ""(cao cấp) tiểu Boss nam 7""","JX1 settings\npcs.txt dong 1033 = ""Boss New Dragon 165"" (da bi dot khac ghi de)",TRUNG NANG,Doi dai tbRangeId cua vuot ai HOAC ghi de lai 3 dong npcs.txt - phai hoi chu game vi Boss New Dragon dang song,
NPC_TPL,1033,"[vuotai] npcs.txt ban Linux dong 1034 = ""(cao cấp) tiểu Boss nam 8""","JX1 settings\npcs.txt dong 1034 = ""Boss New Dragon 166 8"" (da bi dot khac ghi de)",TRUNG NANG,Doi dai tbRangeId cua vuot ai HOAC ghi de lai 3 dong npcs.txt - phai hoi chu game vi Boss New Dragon dang song,
NPC_TPL,1034,"[vuotai] npcs.txt ban Linux dong 1035 = ""(cao cấp) tiểu Boss nữ 1""","JX1 settings\npcs.txt dong 1035 = ""Boss New Dragon 167"" (da bi dot khac ghi de)",TRUNG NANG,Doi dai tbRangeId cua vuot ai HOAC ghi de lai 3 dong npcs.txt - phai hoi chu game vi Boss New Dragon dang song,
TASK,88,[phonglangdo+satthu+vuotai] (so truc tiep) | script\task\metempsychosis\task_func.lua:84,"Linux 88 = 4 byte don (Strg/Dex/Vit/Eng) do nhiem vu thuong truc tiep, doc bang GetByte(Utask88,1..4) (task_func.lua:84-91). JX1 88 = T_TimVatPham (Da Tau tim vat pham, lib_task.lua:111, global\npcchucnang\datau.lua:43,48). HAI NGHIA HOAN TOAN KHAC.",TRUNG NANG,Doi so cho ve chuyen sinh (dai trong 4140..4199) HOAC bo han ham zhuansheng_clear_prop khi port. Neu port thang: chuyen sinh se doc bo dem Da Tau lam diem tiem nang => hong chi so nhan vat.,HO TRO
ITEM,"0,11,450","[satthu] 0,11,450 = ""Mặt nạ Đại Tướng quân"" | script\missions\boss\bigboss.lua:36; script\missions\boss\bigboss.lua:50","JX1 KHONG co bo so nay; vat pham dung ten nam o 0,11,44;0,11,45",TRUNG NHE,"Anh xa 0,11,450 -> 0,11,44;0,11,45",
ITEM,"0,11,647","[satthu] 0,11,647 = ""Mặt nạ chiến trường Vương Giả"" | script\missions\boss\bigboss.lua:73","JX1 KHONG co bo so nay; vat pham dung ten nam o 0,11,64",TRUNG NHE,"Anh xa 0,11,647 -> 0,11,64",
ITEM,"0,11,828","[satthu] 0,11,828 = ""Mặt nạ chiến trường Bá Giả"" | script\missions\boss\bigboss.lua:74","JX1 KHONG co bo so nay; vat pham dung ten nam o 0,11,82",TRUNG NHE,"Anh xa 0,11,828 -> 0,11,82",
ITEM,"1,6,1","[vuotai] 1,6,1 = ""Phổ Độ Mật Tịch"" | script\missions\challengeoftime\npc\dragonboat_main.lua:137(ConsumeEquiproomItem)","JX1 KHONG co bo so nay; vat pham dung ten nam o 6,1,59",TRUNG NHE,"Anh xa 1,6,1 -> 6,1,59",
ITEM,"6,0,3","[satthu+vuotai] 6,0,3 = ""Đại Lực hoàn"" | script\missions\boss\bigboss.lua:54; script\task\tollgate\killer\kill_level.lua:105; script\task\tollgate\killer\mibao_head.lua:16","JX1 KHONG co bo so nay; vat pham dung ten nam o 6,1,3",TRUNG NHE,"Anh xa 6,0,3 -> 6,1,3",
ITEM,"6,0,6","[satthu+vuotai] 6,0,6 = ""Phi Tốc hoàn"" | script\missions\boss\bigboss.lua:53; script\task\tollgate\killer\kill_level.lua:106; script\task\tollgate\killer\mibao_head.lua:17","JX1 KHONG co bo so nay; vat pham dung ten nam o 2,0,7;6,1,6",TRUNG NHE,"Anh xa 6,0,6 -> 2,0,7;6,1,6",
ITEM,"6,1,30006","[vuotai] 6,1,30006 = ""Đồ Phổ Tinh Sương Y"" | script\missions\challengeoftime\item\chuangguanbaoxiang.lua:73","JX1 KHONG co bo so nay; vat pham dung ten nam o 6,1,4862",TRUNG NHE,"Anh xa 6,1,30006 -> 6,1,4862",
ITEM,"6,1,30191","[vuotai] 6,1,30191 = ""Chìa khóa vàng"" | script\missions\challengeoftime\item\chuangguanbaoxiang.lua:19(tup3)","JX1 KHONG co bo so nay; vat pham dung ten nam o 6,1,2953",TRUNG NHE,"Anh xa 6,1,30191 -> 6,1,2953",
ITEM,"6,1,30227","[phonglangdo] 6,1,30227 = ""Chân Nguyên Đơn (tiểu)"" | script\activitysys\config\32\variables.lua:11","JX1 KHONG co bo so nay; vat pham dung ten nam o 6,1,4845",TRUNG NHE,"Anh xa 6,1,30227 -> 6,1,4845",
ITEM,"6,1,30228","[phonglangdo+vuotai] 6,1,30228 = ""Chân Nguyên Đơn (trung)"" | script\activitysys\config\32\variables.lua:12; script\missions\fengling_ferry\fld_head.lua:123; script\missions\challengeoftime\item\chuangguanbaoxiang.lua:60","JX1 KHONG co bo so nay; vat pham dung ten nam o 6,1,4846",TRUNG NHE,"Anh xa 6,1,30228 -> 6,1,4846",
ITEM,"6,1,30229","[phonglangdo+vuotai] 6,1,30229 = ""Chân Nguyên Đơn (đại)"" | script\activitysys\config\32\variables.lua:13; script\missions\challengeoftime\item\chuangguanbaoxiang.lua:61","JX1 KHONG co bo so nay; vat pham dung ten nam o 6,1,2991;6,1,4847",TRUNG NHE,"Anh xa 6,1,30229 -> 6,1,2991;6,1,4847",
ITEM,"6,1,30289","[phonglangdo+vuotai] 6,1,30289 = ""Huyết Long Đằng"" | script\activitysys\config\32\variables.lua:16; script\missions\challengeoftime\item\chuangguanbaoxiang.lua:64; script\missions\challengeoftime\item\chuangguanbaoxiang.lua:65","JX1 KHONG co bo so nay; vat pham dung ten nam o 6,1,3051;6,1,3946;6,1,4848",TRUNG NHE,"Anh xa 6,1,30289 -> 6,1,3051;6,1,3946;6,1,4848",
ITEM,"6,1,30301","[phonglangdo+vuotai] 6,1,30301 = ""Hỗn nguyên chân đơn"" | script\activitysys\config\32\variables.lua:14; script\missions\challengeoftime\item\chuangguanbaoxiang.lua:62","JX1 KHONG co bo so nay; vat pham dung ten nam o 6,1,4857",TRUNG NHE,"Anh xa 6,1,30301 -> 6,1,4857",
ITEM,"6,1,30449","[satthu] 6,1,30449 = ""Thiên Sơn Thánh Thủy (đại)"" | script\missions\boss\bigboss.lua:67","JX1 KHONG co bo so nay; vat pham dung ten nam o 6,1,3211",TRUNG NHE,"Anh xa 6,1,30449 -> 6,1,3211",
ITEM,"6,1,30505","[vuotai] 6,1,30505 = ""Đồ Phổ Tinh Sương Khí Giới"" | script\missions\challengeoftime\item\chuangguanbaoxiang.lua:74","JX1 KHONG co bo so nay; vat pham dung ten nam o 6,1,4863",TRUNG NHE,"Anh xa 6,1,30505 -> 6,1,4863",
ITEM,"6,1,30506","[satthu+vuotai] 6,1,30506 = ""Tinh Sương Lệnh"" | script\missions\boss\bigboss.lua:109; script\missions\challengeoftime\item\chuangguanbaoxiang.lua:71","JX1 KHONG co bo so nay; vat pham dung ten nam o 6,1,4860",TRUNG NHE,"Anh xa 6,1,30506 -> 6,1,4860",
ITEM,"6,1,30507","[satthu+vuotai] 6,1,30507 = ""Huyền Thiết"" | script\missions\boss\bigboss.lua:110; script\missions\challengeoftime\item\chuangguanbaoxiang.lua:72","JX1 KHONG co bo so nay; vat pham dung ten nam o 6,1,4861",TRUNG NHE,"Anh xa 6,1,30507 -> 6,1,4861",
ITEM,"6,1,30529","[vuotai] 6,1,30529 = ""Đồ Phổ Đằng Long Y"" | script\missions\challengeoftime\item\chuangguanbaoxiang.lua:69","JX1 KHONG co bo so nay; vat pham dung ten nam o 6,1,4858",TRUNG NHE,"Anh xa 6,1,30529 -> 6,1,4858",
ITEM,"6,1,30537","[vuotai] 6,1,30537 = ""Đồ Phổ Đằng Long Khí Giới"" | script\missions\challengeoftime\item\chuangguanbaoxiang.lua:70","JX1 KHONG co bo so nay; vat pham dung ten nam o 6,1,4859",TRUNG NHE,"Anh xa 6,1,30537 -> 6,1,4859",
ITEM,"6,1,30557","[satthu+vuotai] 6,1,30557 = ""Túi Dược Phẩm"" | script\missions\boss\bigboss.lua:83; script\task\tollgate\killer\kill_level.lua:104; script\missions\challengeoftime\chuangguang30.lua:43","JX1 KHONG co bo so nay; vat pham dung ten nam o 6,1,4813",TRUNG NHE,"Anh xa 6,1,30557 -> 6,1,4813",
LADDER,10182 / 10186,"[phonglangdo+vuotai] STORM_LADDERID_WEEK1 / _MONTH - event\storm\head.lua:55,59","JX1 DA CO y het: script\event\storm\function.lua:240,242,428,430",TRUNG NHE,Giu nguyen (tep storm da port),HO TRO
LEAGUE TYPE,500 (RELAYTASK_LEAGUEID),[vuotai] script\lib\gb_taskfuncs.lua:11 - khong gian ten cua gb_GetTask/gb_SetTask,"JX1 dung DUNG so 500 o ca 3 ban: script\gb_taskfuncs.lua:10, script\lib\gb_taskfuncs.lua:11, scriptjx2\lib\gb_taskfuncs.lua:11",TRUNG NHE,Giu nguyen (cung he),HO TRO
MAP,336,[phonglangdo] northMAP = 336 (bo Bac) - fld_head.lua:14,JX1 co map 336 trong MapList (Phong Lang do); 135 lan xuat hien trong script JX1 (chu yeu la traps/thanh thi),TRUNG NHE,Giu nguyen; kiem lai trap doi chieu truoc khi mo mission,LOI
MAP,957,[vuotai] CHUANGGUAN30_MAP_ID = 957 (Mat Phong cua ai) - include.lua:27; chuangguang30.lua:260,JX1: co trong MapList.ini nhung THIEU trong WorldSet cua GameServer (theo map_can_them.csv vong 1); script JX1 chi cham 957 o item\lenhbaiadmin.lua:270 (NewWorld cua GM),TRUNG NHE,Them 957 vao WorldSet GameServer; giu nguyen so,LOI
MISSION_VALUE,"1,2,3 (MS_STATE / MS_TIMEACC_1MIN / MS_TIMEACC_20SEC)","[phonglangdo] fld_head.lua:28-30, doc/ghi bang GetMissionV/SetMissionV","JX1: o MissionV la CUA TUNG SUBWORLD chu khong phai tung mission (ScriptFuns.cpp:11007,11049 SubWorld[idx].m_MissionArray.SetMission/GetMissionValue), tran 100 (KMissionArray.h:7 MAX_MISSIONARRAY_VALUE_COUNT=100). JX1 cung dung MS_STATE=1 o bwhead.lua:27, citywar_arena\head.lua:15, citywar_city\head.lua:31",TRUNG NHE,"Khong dung nhau vi khac map, NHUNG neu hai mission cung chay tren MOT map thi de len nhau. Kiem lai khi mo Phong Lang Do JX2 tren 337/338/339 (PLD VN cung o do).",LOI
NPC_TPL,1000,"[vuotai] npcs.txt ban Linux dong 1001 = ""(sơ cấp) tiểu Boss nam 7""","JX1 settings\npcs.txt dong 1001 = ""(sơ cấp) tiểu Boss nam 7"" - TRUNG TEN",TRUNG NHE,Giu nguyen id,
NPC_TPL,1001,"[vuotai] npcs.txt ban Linux dong 1002 = ""(sơ cấp) tiểu Boss nam 8""","JX1 settings\npcs.txt dong 1002 = ""(sơ cấp) tiểu Boss nam 8"" - TRUNG TEN",TRUNG NHE,Giu nguyen id,
NPC_TPL,1002,"[vuotai] npcs.txt ban Linux dong 1003 = ""(sơ cấp) tiểu Boss nữ 1""","JX1 settings\npcs.txt dong 1003 = ""(sơ cấp) tiểu Boss nữ 1"" - TRUNG TEN",TRUNG NHE,Giu nguyen id,
NPC_TPL,1003,"[vuotai] npcs.txt ban Linux dong 1004 = ""(sơ cấp) tiểu Boss nữ 2""","JX1 settings\npcs.txt dong 1004 = ""(sơ cấp) tiểu Boss nữ 2"" - TRUNG TEN",TRUNG NHE,Giu nguyen id,
NPC_TPL,1004,"[vuotai] npcs.txt ban Linux dong 1005 = ""(sơ cấp) tiểu Boss nữ 3""","JX1 settings\npcs.txt dong 1005 = ""(sơ cấp) tiểu Boss nữ 3"" - TRUNG TEN",TRUNG NHE,Giu nguyen id,
NPC_TPL,1005,"[vuotai] npcs.txt ban Linux dong 1006 = ""(sơ cấp) tiểu Boss nữ 4""","JX1 settings\npcs.txt dong 1006 = ""(sơ cấp) tiểu Boss nữ 4"" - TRUNG TEN",TRUNG NHE,Giu nguyen id,
NPC_TPL,1006,"[vuotai] npcs.txt ban Linux dong 1007 = ""(sơ cấp) đại Boss""","JX1 settings\npcs.txt dong 1007 = ""(sơ cấp) đại Boss"" - TRUNG TEN",TRUNG NHE,Giu nguyen id,
NPC_TPL,1007,"[vuotai] npcs.txt ban Linux dong 1008 = ""(cao cấp) Sương Đao""","JX1 settings\npcs.txt dong 1008 = ""(cao cấp) Sương Đao"" - TRUNG TEN",TRUNG NHE,Giu nguyen id,
NPC_TPL,1008,"[vuotai] npcs.txt ban Linux dong 1009 = ""(cao cấp) Phi Sa""","JX1 settings\npcs.txt dong 1009 = ""(cao cấp) Phi Sa"" - TRUNG TEN",TRUNG NHE,Giu nguyen id,
NPC_TPL,1009,"[vuotai] npcs.txt ban Linux dong 1010 = ""(cao cấp) Sương Liêm""","JX1 settings\npcs.txt dong 1010 = ""(cao cấp) Sương Liêm"" - TRUNG TEN",TRUNG NHE,Giu nguyen id,
NPC_TPL,1010,"[vuotai] npcs.txt ban Linux dong 1011 = ""(cao cấp) Thừa Phong""","JX1 settings\npcs.txt dong 1011 = ""(cao cấp) Thừa Phong"" - TRUNG TEN",TRUNG NHE,Giu nguyen id,
NPC_TPL,1011,"[vuotai] npcs.txt ban Linux dong 1012 = ""(cao cấp) Thủy Quỷ""","JX1 settings\npcs.txt dong 1012 = ""(cao cấp) Thủy Quỷ"" - TRUNG TEN",TRUNG NHE,Giu nguyen id,
NPC_TPL,1012,"[vuotai] npcs.txt ban Linux dong 1013 = ""(cao cấp) Thần Tý""","JX1 settings\npcs.txt dong 1013 = ""(cao cấp) Thần Tý"" - TRUNG TEN",TRUNG NHE,Giu nguyen id,
NPC_TPL,1013,"[vuotai] npcs.txt ban Linux dong 1014 = ""(cao cấp) Tranh Hán""","JX1 settings\npcs.txt dong 1014 = ""(cao cấp) Tranh Hán"" - TRUNG TEN",TRUNG NHE,Giu nguyen id,
NPC_TPL,1014,"[vuotai] npcs.txt ban Linux dong 1015 = ""(cao cấp) Phá Lang""","JX1 settings\npcs.txt dong 1015 = ""(cao cấp) Phá Lang"" - TRUNG TEN",TRUNG NHE,Giu nguyen id,
NPC_TPL,1015,"[vuotai] npcs.txt ban Linux dong 1016 = ""(cao cấp) ảnh Côn""","JX1 settings\npcs.txt dong 1016 = ""(cao cấp) ảnh Côn"" - TRUNG TEN",TRUNG NHE,Giu nguyen id,
NPC_TPL,1016,"[vuotai] npcs.txt ban Linux dong 1017 = ""(cao cấp) Đao Tử""","JX1 settings\npcs.txt dong 1017 = ""(cao cấp) Đao Tử"" - TRUNG TEN",TRUNG NHE,Giu nguyen id,
NPC_TPL,1017,"[vuotai] npcs.txt ban Linux dong 1018 = ""(cao cấp) Lang Bổng""","JX1 settings\npcs.txt dong 1018 = ""(cao cấp) Lang Bổng"" - TRUNG TEN",TRUNG NHE,Giu nguyen id,
NPC_TPL,1018,"[vuotai] npcs.txt ban Linux dong 1019 = ""(cao cấp) Hắc Cân""","JX1 settings\npcs.txt dong 1019 = ""(cao cấp) Hắc Cân"" - TRUNG TEN",TRUNG NHE,Giu nguyen id,
NPC_TPL,1019,"[vuotai] npcs.txt ban Linux dong 1020 = ""(cao cấp) Chú thuật quái""","JX1 settings\npcs.txt dong 1020 = ""(cao cấp) Chú thuật quái"" - TRUNG TEN",TRUNG NHE,Giu nguyen id,
NPC_TPL,1020,"[vuotai] npcs.txt ban Linux dong 1021 = ""(cao cấp) npc té ngã""","JX1 settings\npcs.txt dong 1021 = ""(cao cấp) npc té ngã"" - TRUNG TEN",TRUNG NHE,Giu nguyen id,
NPC_TPL,1021,"[vuotai] npcs.txt ban Linux dong 1022 = ""(cao cấp) npc hôn mê""","JX1 settings\npcs.txt dong 1022 = ""(cao cấp) npc hôn mê"" - TRUNG TEN",TRUNG NHE,Giu nguyen id,
NPC_TPL,1022,"[vuotai] npcs.txt ban Linux dong 1023 = ""(cao cấp) npc giảm tốc""","JX1 settings\npcs.txt dong 1023 = ""(cao cấp) npc giảm tốc"" - TRUNG TEN",TRUNG NHE,Giu nguyen id,
NPC_TPL,1023,"[vuotai] npcs.txt ban Linux dong 1024 = ""(cao cấp) npc Chú thuật""","JX1 settings\npcs.txt dong 1024 = ""(cao cấp) npc Chú thuật"" - TRUNG TEN",TRUNG NHE,Giu nguyen id,
NPC_TPL,1024,"[vuotai] npcs.txt ban Linux dong 1025 = ""(cao cấp) npc siêu mạnh""","JX1 settings\npcs.txt dong 1025 = ""(cao cấp) npc siêu mạnh"" - TRUNG TEN",TRUNG NHE,Giu nguyen id,
NPC_TPL,1025,"[vuotai] npcs.txt ban Linux dong 1026 = ""(cao cấp) npc phản đòn""","JX1 settings\npcs.txt dong 1026 = ""(cao cấp) npc phản đòn"" - TRUNG TEN",TRUNG NHE,Giu nguyen id,
NPC_TPL,1026,"[vuotai] npcs.txt ban Linux dong 1027 = ""(cao cấp) tiểu Boss nam 1""","JX1 settings\npcs.txt dong 1027 = ""(cao cấp) tiểu Boss nam 1"" - TRUNG TEN",TRUNG NHE,Giu nguyen id,
NPC_TPL,1027,"[vuotai] npcs.txt ban Linux dong 1028 = ""(cao cấp) tiểu Boss nam 2""","JX1 settings\npcs.txt dong 1028 = ""(cao cấp) tiểu Boss nam 2"" - TRUNG TEN",TRUNG NHE,Giu nguyen id,
NPC_TPL,1028,"[vuotai] npcs.txt ban Linux dong 1029 = ""(cao cấp) tiểu Boss nam 3""","JX1 settings\npcs.txt dong 1029 = ""(cao cấp) tiểu Boss nam 3"" - TRUNG TEN",TRUNG NHE,Giu nguyen id,
NPC_TPL,1029,"[vuotai] npcs.txt ban Linux dong 1030 = ""(cao cấp) tiểu Boss nam 4""","JX1 settings\npcs.txt dong 1030 = ""(cao cấp) tiểu Boss nam 4"" - TRUNG TEN",TRUNG NHE,Giu nguyen id,
NPC_TPL,1030,"[vuotai] npcs.txt ban Linux dong 1031 = ""(cao cấp) tiểu Boss nam 5""","JX1 settings\npcs.txt dong 1031 = ""(cao cấp) tiểu Boss nam 5"" - TRUNG TEN",TRUNG NHE,Giu nguyen id,
NPC_TPL,1031,"[vuotai] npcs.txt ban Linux dong 1032 = ""(cao cấp) tiểu Boss nam 6""","JX1 settings\npcs.txt dong 1032 = ""(cao cấp) tiểu Boss nam 6"" - TRUNG TEN",TRUNG NHE,Giu nguyen id,
NPC_TPL,1035,"[vuotai] npcs.txt ban Linux dong 1036 = ""(cao cấp) tiểu Boss nữ 2""","JX1 settings\npcs.txt dong 1036 = ""(cao cấp) tiểu Boss nữ 2"" - TRUNG TEN",TRUNG NHE,Giu nguyen id,
NPC_TPL,1036,"[vuotai] npcs.txt ban Linux dong 1037 = ""(cao cấp) tiểu Boss nữ 3""","JX1 settings\npcs.txt dong 1037 = ""(cao cấp) tiểu Boss nữ 3"" - TRUNG TEN",TRUNG NHE,Giu nguyen id,
NPC_TPL,1037,"[vuotai] npcs.txt ban Linux dong 1038 = ""(cao cấp) tiểu Boss nữ 4""","JX1 settings\npcs.txt dong 1038 = ""(cao cấp) tiểu Boss nữ 4"" - TRUNG TEN",TRUNG NHE,Giu nguyen id,
NPC_TPL,1038,"[vuotai] npcs.txt ban Linux dong 1039 = ""(cao cấp) đại Boss""","JX1 settings\npcs.txt dong 1039 = ""(cao cấp) đại Boss"" - TRUNG TEN",TRUNG NHE,Giu nguyen id,
NPC_TPL,1673,"[vuotai] npcs.txt ban Linux dong 1674 = ""Nhiếp Thí Trần""","JX1 settings\npcs.txt dong 1674 = ""Nhiếp Thí Trần"" - TRUNG TEN",TRUNG NHE,Giu nguyen id,
NPC_TPL,1674,"[vuotai] npcs.txt ban Linux dong 1675 = ""Vượt ải_Cổ Bách""","JX1 settings\npcs.txt dong 1675 = ""Vượt ải_Cổ Bách"" - TRUNG TEN",TRUNG NHE,Giu nguyen id,
NPC_TPL,1675,"[vuotai] npcs.txt ban Linux dong 1676 = ""Vượt ải_Huyền Giác Đại Sư""","JX1 settings\npcs.txt dong 1676 = ""Vượt ải_Huyền Giác Đại Sư"" - TRUNG TEN",TRUNG NHE,Giu nguyen id,
NPC_TPL,1676,"[vuotai] npcs.txt ban Linux dong 1677 = ""Vượt ải_Đường Bất Nhiễm""","JX1 settings\npcs.txt dong 1677 = ""Vượt ải_Đường Bất Nhiễm"" - TRUNG TEN",TRUNG NHE,Giu nguyen id,
NPC_TPL,1677,"[vuotai] npcs.txt ban Linux dong 1678 = ""Vượt ải_Lam Y Y""","JX1 settings\npcs.txt dong 1678 = ""Vượt ải_Lam Y Y"" - TRUNG TEN",TRUNG NHE,Giu nguyen id,
NPC_TPL,1678,"[vuotai] npcs.txt ban Linux dong 1679 = ""Vượt ải _Thanh Hiểu Sư Thái""","JX1 settings\npcs.txt dong 1679 = ""Vượt ải _Thanh Hiểu Sư Thái"" - TRUNG TEN",TRUNG NHE,Giu nguyen id,
NPC_TPL,1679,"[vuotai] npcs.txt ban Linux dong 1680 = ""Vượt ải_Chung Linh Tú""","JX1 settings\npcs.txt dong 1680 = ""Vượt ải_Chung Linh Tú"" - TRUNG TEN",TRUNG NHE,Giu nguyen id,
NPC_TPL,1680,"[vuotai] npcs.txt ban Linux dong 1681 = ""Vượt ải_Hà Nhân Ngả""","JX1 settings\npcs.txt dong 1681 = ""Vượt ải_Hà Nhân Ngả"" - TRUNG TEN",TRUNG NHE,Giu nguyen id,
NPC_TPL,1681,"[vuotai] npcs.txt ban Linux dong 1682 = ""Vượt ải _Đoan Mộc Duệ""","JX1 settings\npcs.txt dong 1682 = ""Vượt ải _Đoan Mộc Duệ"" - TRUNG TEN",TRUNG NHE,Giu nguyen id,
NPC_TPL,1682,"[vuotai] npcs.txt ban Linux dong 1683 = ""Vượt ải_Đạo Thanh Chân Nhân""","JX1 settings\npcs.txt dong 1683 = ""Vượt ải_Đạo Thanh Chân Nhân"" - TRUNG TEN",TRUNG NHE,Giu nguyen id,
NPC_TPL,1683,"[vuotai] npcs.txt ban Linux dong 1684 = ""Vượt ải _Toàn Cơ Tử""","JX1 settings\npcs.txt dong 1684 = ""Vượt ải _Toàn Cơ Tử"" - TRUNG TEN",TRUNG NHE,Giu nguyen id,
NPC_TPL,1684,"[vuotai] npcs.txt ban Linux dong 1685 = ""Vượt ải_Người tiếp dẫn Mật Phòng""","JX1 settings\npcs.txt dong 1685 = ""Vượt ải_Người tiếp dẫn Mật Phòng"" - TRUNG TEN",TRUNG NHE,Giu nguyen id,
NPC_TPL,1692,"[phonglangdo] npcs.txt ban Linux dong 1693 = ""Thủy Tặc Đại Đầu Lĩnh.""","JX1 settings\npcs.txt dong 1693 = ""Thủy Tặc Đại Đầu Lĩnh."" - TRUNG TEN",TRUNG NHE,Giu nguyen id,
NPC_TPL,511,"[phonglangdo] npcs.txt ban Linux dong 512 = ""Trương Tông Chính""","JX1 settings\npcs.txt dong 512 = ""Trương Tông Chính"" - TRUNG TEN",TRUNG NHE,Giu nguyen id,
NPC_TPL,513,"[phonglangdo] npcs.txt ban Linux dong 514 = ""Diệu Như""","JX1 settings\npcs.txt dong 514 = ""Diệu Như"" - TRUNG TEN",TRUNG NHE,Giu nguyen id,
NPC_TPL,724,"[phonglangdo] npcs.txt ban Linux dong 725 = ""Thủy tặc""","JX1 settings\npcs.txt dong 725 = ""Thủy tặc"" - TRUNG TEN",TRUNG NHE,Giu nguyen id,
NPC_TPL,725,"[phonglangdo] npcs.txt ban Linux dong 726 = ""Boss Thủy tặc đầu lĩnh""","JX1 settings\npcs.txt dong 726 = ""Boss Thủy tặc đầu lĩnh"" - TRUNG TEN",TRUNG NHE,Giu nguyen id,
NPC_TPL,761,"[satthu] npcs.txt ban Linux dong 762 = ""Nhiệm vụ sát thủ cấp 20""","JX1 settings\npcs.txt dong 762 = ""Nhiệm vụ sát thủ cấp 20"" - TRUNG TEN",TRUNG NHE,Giu nguyen id,
NPC_TPL,762,"[satthu] npcs.txt ban Linux dong 763 = ""Nhiệm vụ sát thủ cấp 30""","JX1 settings\npcs.txt dong 763 = ""Nhiệm vụ sát thủ cấp 30"" - TRUNG TEN",TRUNG NHE,Giu nguyen id,
NPC_TPL,763,"[satthu] npcs.txt ban Linux dong 764 = ""Nhiệm vụ sát thủ cấp 40""","JX1 settings\npcs.txt dong 764 = ""Nhiệm vụ sát thủ cấp 40"" - TRUNG TEN",TRUNG NHE,Giu nguyen id,
NPC_TPL,764,"[satthu] npcs.txt ban Linux dong 765 = ""Nhiệm vụ sát thủ cấp 50""","JX1 settings\npcs.txt dong 765 = ""Nhiệm vụ sát thủ cấp 50"" - TRUNG TEN",TRUNG NHE,Giu nguyen id,
NPC_TPL,765,"[satthu] npcs.txt ban Linux dong 766 = ""Nhiệm vụ sát thủ cấp 60""","JX1 settings\npcs.txt dong 766 = ""Nhiệm vụ sát thủ cấp 60"" - TRUNG TEN",TRUNG NHE,Giu nguyen id,
NPC_TPL,766,"[satthu] npcs.txt ban Linux dong 767 = ""Nhiệm vụ sát thủ cấp 70""","JX1 settings\npcs.txt dong 767 = ""Nhiệm vụ sát thủ cấp 70"" - TRUNG TEN",TRUNG NHE,Giu nguyen id,
NPC_TPL,767,"[satthu] npcs.txt ban Linux dong 768 = ""Nhiệm vụ sát thủ cấp 80""","JX1 settings\npcs.txt dong 768 = ""Nhiệm vụ sát thủ cấp 80"" - TRUNG TEN",TRUNG NHE,Giu nguyen id,
NPC_TPL,768,"[satthu] npcs.txt ban Linux dong 769 = ""Nhiệm vụ sát thủ cấp 90""","JX1 settings\npcs.txt dong 769 = ""Nhiệm vụ sát thủ cấp 90"" - TRUNG TEN",TRUNG NHE,Giu nguyen id,
NPC_TPL,770,"[satthu] npcs.txt ban Linux dong 771 = ""Nhiệm vụ sát thủ cấp 201""","JX1 settings\npcs.txt dong 771 = ""Nhiệm vụ sát thủ cấp 201"" - TRUNG TEN",TRUNG NHE,Giu nguyen id,
NPC_TPL,771,"[satthu] npcs.txt ban Linux dong 772 = ""Nhiệm vụ sát thủ cấp 202""","JX1 settings\npcs.txt dong 772 = ""Nhiệm vụ sát thủ cấp 202"" - TRUNG TEN",TRUNG NHE,Giu nguyen id,
NPC_TPL,772,"[satthu] npcs.txt ban Linux dong 773 = ""Nhiệm vụ sát thủ cấp 203""","JX1 settings\npcs.txt dong 773 = ""Nhiệm vụ sát thủ cấp 203"" - TRUNG TEN",TRUNG NHE,Giu nguyen id,
NPC_TPL,773,"[satthu] npcs.txt ban Linux dong 774 = ""Nhiệm vụ sát thủ cấp 301""","JX1 settings\npcs.txt dong 774 = ""Nhiệm vụ sát thủ cấp 301"" - TRUNG TEN",TRUNG NHE,Giu nguyen id,
NPC_TPL,774,"[satthu] npcs.txt ban Linux dong 775 = ""Nhiệm vụ sát thủ cấp 302""","JX1 settings\npcs.txt dong 775 = ""Nhiệm vụ sát thủ cấp 302"" - TRUNG TEN",TRUNG NHE,Giu nguyen id,
NPC_TPL,775,"[satthu] npcs.txt ban Linux dong 776 = ""Nhiệm vụ sát thủ cấp 303""","JX1 settings\npcs.txt dong 776 = ""Nhiệm vụ sát thủ cấp 303"" - TRUNG TEN",TRUNG NHE,Giu nguyen id,
NPC_TPL,776,"[satthu] npcs.txt ban Linux dong 777 = ""Nhiệm vụ sát thủ cấp 304""","JX1 settings\npcs.txt dong 777 = ""Nhiệm vụ sát thủ cấp 304"" - TRUNG TEN",TRUNG NHE,Giu nguyen id,
NPC_TPL,777,"[satthu] npcs.txt ban Linux dong 778 = ""Nhiệm vụ sát thủ cấp 401""","JX1 settings\npcs.txt dong 778 = ""Nhiệm vụ sát thủ cấp 401"" - TRUNG TEN",TRUNG NHE,Giu nguyen id,
NPC_TPL,778,"[satthu] npcs.txt ban Linux dong 779 = ""Nhiệm vụ sát thủ cấp 402""","JX1 settings\npcs.txt dong 779 = ""Nhiệm vụ sát thủ cấp 402"" - TRUNG TEN",TRUNG NHE,Giu nguyen id,
NPC_TPL,779,"[satthu] npcs.txt ban Linux dong 780 = ""Nhiệm vụ sát thủ cấp 403""","JX1 settings\npcs.txt dong 780 = ""Nhiệm vụ sát thủ cấp 403"" - TRUNG TEN",TRUNG NHE,Giu nguyen id,
NPC_TPL,780,"[satthu] npcs.txt ban Linux dong 781 = ""Nhiệm vụ sát thủ cấp 404""","JX1 settings\npcs.txt dong 781 = ""Nhiệm vụ sát thủ cấp 404"" - TRUNG TEN",TRUNG NHE,Giu nguyen id,
NPC_TPL,781,"[satthu] npcs.txt ban Linux dong 782 = ""Nhiệm vụ sát thủ cấp 405""","JX1 settings\npcs.txt dong 782 = ""Nhiệm vụ sát thủ cấp 405"" - TRUNG TEN",TRUNG NHE,Giu nguyen id,
NPC_TPL,782,"[satthu] npcs.txt ban Linux dong 783 = ""Nhiệm vụ sát thủ cấp 501""","JX1 settings\npcs.txt dong 783 = ""Nhiệm vụ sát thủ cấp 501"" - TRUNG TEN",TRUNG NHE,Giu nguyen id,
NPC_TPL,783,"[satthu] npcs.txt ban Linux dong 784 = ""Nhiệm vụ sát thủ cấp 502""","JX1 settings\npcs.txt dong 784 = ""Nhiệm vụ sát thủ cấp 502"" - TRUNG TEN",TRUNG NHE,Giu nguyen id,
NPC_TPL,784,"[satthu] npcs.txt ban Linux dong 785 = ""Nhiệm vụ sát thủ cấp 503""","JX1 settings\npcs.txt dong 785 = ""Nhiệm vụ sát thủ cấp 503"" - TRUNG TEN",TRUNG NHE,Giu nguyen id,
NPC_TPL,785,"[satthu] npcs.txt ban Linux dong 786 = ""Nhiệm vụ sát thủ cấp 504""","JX1 settings\npcs.txt dong 786 = ""Nhiệm vụ sát thủ cấp 504"" - TRUNG TEN",TRUNG NHE,Giu nguyen id,
NPC_TPL,786,"[satthu] npcs.txt ban Linux dong 787 = ""Nhiệm vụ sát thủ cấp 505""","JX1 settings\npcs.txt dong 787 = ""Nhiệm vụ sát thủ cấp 505"" - TRUNG TEN",TRUNG NHE,Giu nguyen id,
NPC_TPL,787,"[satthu] npcs.txt ban Linux dong 788 = ""Nhiệm vụ sát thủ cấp 506""","JX1 settings\npcs.txt dong 788 = ""Nhiệm vụ sát thủ cấp 506"" - TRUNG TEN",TRUNG NHE,Giu nguyen id,
NPC_TPL,788,"[satthu] npcs.txt ban Linux dong 789 = ""Nhiệm vụ sát thủ cấp 601""","JX1 settings\npcs.txt dong 789 = ""Nhiệm vụ sát thủ cấp 601"" - TRUNG TEN",TRUNG NHE,Giu nguyen id,
NPC_TPL,789,"[satthu] npcs.txt ban Linux dong 790 = ""Nhiệm vụ sát thủ cấp 602""","JX1 settings\npcs.txt dong 790 = ""Nhiệm vụ sát thủ cấp 602"" - TRUNG TEN",TRUNG NHE,Giu nguyen id,
NPC_TPL,790,"[satthu] npcs.txt ban Linux dong 791 = ""Nhiệm vụ sát thủ cấp 603""","JX1 settings\npcs.txt dong 791 = ""Nhiệm vụ sát thủ cấp 603"" - TRUNG TEN",TRUNG NHE,Giu nguyen id,
NPC_TPL,791,"[satthu] npcs.txt ban Linux dong 792 = ""Nhiệm vụ sát thủ cấp 604""","JX1 settings\npcs.txt dong 792 = ""Nhiệm vụ sát thủ cấp 604"" - TRUNG TEN",TRUNG NHE,Giu nguyen id,
NPC_TPL,792,"[satthu] npcs.txt ban Linux dong 793 = ""Nhiệm vụ sát thủ cấp 605""","JX1 settings\npcs.txt dong 793 = ""Nhiệm vụ sát thủ cấp 605"" - TRUNG TEN",TRUNG NHE,Giu nguyen id,
NPC_TPL,793,"[satthu] npcs.txt ban Linux dong 794 = ""Nhiệm vụ sát thủ cấp 606""","JX1 settings\npcs.txt dong 794 = ""Nhiệm vụ sát thủ cấp 606"" - TRUNG TEN",TRUNG NHE,Giu nguyen id,
NPC_TPL,794,"[satthu] npcs.txt ban Linux dong 795 = ""Nhiệm vụ sát thủ cấp 607""","JX1 settings\npcs.txt dong 795 = ""Nhiệm vụ sát thủ cấp 607"" - TRUNG TEN",TRUNG NHE,Giu nguyen id,
NPC_TPL,795,"[satthu] npcs.txt ban Linux dong 796 = ""Nhiệm vụ sát thủ cấp 701""","JX1 settings\npcs.txt dong 796 = ""Nhiệm vụ sát thủ cấp 701"" - TRUNG TEN",TRUNG NHE,Giu nguyen id,
NPC_TPL,796,"[satthu] npcs.txt ban Linux dong 797 = ""Nhiệm vụ sát thủ cấp 702""","JX1 settings\npcs.txt dong 797 = ""Nhiệm vụ sát thủ cấp 702"" - TRUNG TEN",TRUNG NHE,Giu nguyen id,
NPC_TPL,797,"[satthu] npcs.txt ban Linux dong 798 = ""Nhiệm vụ sát thủ cấp 703""","JX1 settings\npcs.txt dong 798 = ""Nhiệm vụ sát thủ cấp 703"" - TRUNG TEN",TRUNG NHE,Giu nguyen id,
NPC_TPL,798,"[satthu] npcs.txt ban Linux dong 799 = ""Nhiệm vụ sát thủ cấp 704""","JX1 settings\npcs.txt dong 799 = ""Nhiệm vụ sát thủ cấp 704"" - TRUNG TEN",TRUNG NHE,Giu nguyen id,
NPC_TPL,799,"[satthu] npcs.txt ban Linux dong 800 = ""Nhiệm vụ sát thủ cấp 705""","JX1 settings\npcs.txt dong 800 = ""Nhiệm vụ sát thủ cấp 705"" - TRUNG TEN",TRUNG NHE,Giu nguyen id,
NPC_TPL,800,"[satthu] npcs.txt ban Linux dong 801 = ""Nhiệm vụ sát thủ cấp 706""","JX1 settings\npcs.txt dong 801 = ""Nhiệm vụ sát thủ cấp 706"" - TRUNG TEN",TRUNG NHE,Giu nguyen id,
NPC_TPL,801,"[satthu] npcs.txt ban Linux dong 802 = ""Nhiệm vụ sát thủ cấp 707""","JX1 settings\npcs.txt dong 802 = ""Nhiệm vụ sát thủ cấp 707"" - TRUNG TEN",TRUNG NHE,Giu nguyen id,
NPC_TPL,802,"[satthu] npcs.txt ban Linux dong 803 = ""Nhiệm vụ sát thủ cấp 708""","JX1 settings\npcs.txt dong 803 = ""Nhiệm vụ sát thủ cấp 708"" - TRUNG TEN",TRUNG NHE,Giu nguyen id,
NPC_TPL,803,"[satthu] npcs.txt ban Linux dong 804 = ""Nhiệm vụ sát thủ cấp 801""","JX1 settings\npcs.txt dong 804 = ""Nhiệm vụ sát thủ cấp 801"" - TRUNG TEN",TRUNG NHE,Giu nguyen id,
NPC_TPL,804,"[satthu] npcs.txt ban Linux dong 805 = ""Nhiệm vụ sát thủ cấp 802""","JX1 settings\npcs.txt dong 805 = ""Nhiệm vụ sát thủ cấp 802"" - TRUNG TEN",TRUNG NHE,Giu nguyen id,
NPC_TPL,805,"[satthu] npcs.txt ban Linux dong 806 = ""Nhiệm vụ sát thủ cấp 803""","JX1 settings\npcs.txt dong 806 = ""Nhiệm vụ sát thủ cấp 803"" - TRUNG TEN",TRUNG NHE,Giu nguyen id,
NPC_TPL,806,"[satthu] npcs.txt ban Linux dong 807 = ""Nhiệm vụ sát thủ cấp 804""","JX1 settings\npcs.txt dong 807 = ""Nhiệm vụ sát thủ cấp 804"" - TRUNG TEN",TRUNG NHE,Giu nguyen id,
NPC_TPL,807,"[satthu] npcs.txt ban Linux dong 808 = ""Nhiệm vụ sát thủ cấp 805""","JX1 settings\npcs.txt dong 808 = ""Nhiệm vụ sát thủ cấp 805"" - TRUNG TEN",TRUNG NHE,Giu nguyen id,
NPC_TPL,808,"[satthu] npcs.txt ban Linux dong 809 = ""Nhiệm vụ sát thủ cấp 806""","JX1 settings\npcs.txt dong 809 = ""Nhiệm vụ sát thủ cấp 806"" - TRUNG TEN",TRUNG NHE,Giu nguyen id,
NPC_TPL,809,"[satthu] npcs.txt ban Linux dong 810 = ""Nhiệm vụ sát thủ cấp 807""","JX1 settings\npcs.txt dong 810 = ""Nhiệm vụ sát thủ cấp 807"" - TRUNG TEN",TRUNG NHE,Giu nguyen id,
NPC_TPL,810,"[satthu] npcs.txt ban Linux dong 811 = ""Nhiệm vụ sát thủ cấp 808""","JX1 settings\npcs.txt dong 811 = ""Nhiệm vụ sát thủ cấp 808"" - TRUNG TEN",TRUNG NHE,Giu nguyen id,
NPC_TPL,811,"[satthu] npcs.txt ban Linux dong 812 = ""Nhiệm vụ sát thủ cấp 809""","JX1 settings\npcs.txt dong 812 = ""Nhiệm vụ sát thủ cấp 809"" - TRUNG TEN",TRUNG NHE,Giu nguyen id,
NPC_TPL,812,"[satthu] npcs.txt ban Linux dong 813 = ""Nhiệm vụ sát thủ cấp 901""","JX1 settings\npcs.txt dong 813 = ""Nhiệm vụ sát thủ cấp 901"" - TRUNG TEN",TRUNG NHE,Giu nguyen id,
NPC_TPL,813,"[satthu] npcs.txt ban Linux dong 814 = ""Nhiệm vụ sát thủ cấp 902""","JX1 settings\npcs.txt dong 814 = ""Nhiệm vụ sát thủ cấp 902"" - TRUNG TEN",TRUNG NHE,Giu nguyen id,
NPC_TPL,814,"[satthu] npcs.txt ban Linux dong 815 = ""Nhiệm vụ sát thủ cấp 903""","JX1 settings\npcs.txt dong 815 = ""Nhiệm vụ sát thủ cấp 903"" - TRUNG TEN",TRUNG NHE,Giu nguyen id,
NPC_TPL,815,"[satthu] npcs.txt ban Linux dong 816 = ""Nhiệm vụ sát thủ cấp 904""","JX1 settings\npcs.txt dong 816 = ""Nhiệm vụ sát thủ cấp 904"" - TRUNG TEN",TRUNG NHE,Giu nguyen id,
NPC_TPL,816,"[satthu] npcs.txt ban Linux dong 817 = ""Nhiệm vụ sát thủ cấp 905""","JX1 settings\npcs.txt dong 817 = ""Nhiệm vụ sát thủ cấp 905"" - TRUNG TEN",TRUNG NHE,Giu nguyen id,
NPC_TPL,817,"[satthu] npcs.txt ban Linux dong 818 = ""Nhiệm vụ sát thủ cấp 906""","JX1 settings\npcs.txt dong 818 = ""Nhiệm vụ sát thủ cấp 906"" - TRUNG TEN",TRUNG NHE,Giu nguyen id,
NPC_TPL,818,"[satthu] npcs.txt ban Linux dong 819 = ""Nhiệm vụ sát thủ cấp 907""","JX1 settings\npcs.txt dong 819 = ""Nhiệm vụ sát thủ cấp 907"" - TRUNG TEN",TRUNG NHE,Giu nguyen id,
NPC_TPL,819,"[satthu] npcs.txt ban Linux dong 820 = ""Nhiệm vụ sát thủ cấp 908""","JX1 settings\npcs.txt dong 820 = ""Nhiệm vụ sát thủ cấp 908"" - TRUNG TEN",TRUNG NHE,Giu nguyen id,
NPC_TPL,820,"[satthu] npcs.txt ban Linux dong 821 = ""Nhiệm vụ sát thủ cấp 909""","JX1 settings\npcs.txt dong 821 = ""Nhiệm vụ sát thủ cấp 909"" - TRUNG TEN",TRUNG NHE,Giu nguyen id,
NPC_TPL,975,"[vuotai] npcs.txt ban Linux dong 976 = ""(sơ cấp) Sương Đao""","JX1 settings\npcs.txt dong 976 = ""(sơ cấp) Sương Đao"" - TRUNG TEN",TRUNG NHE,Giu nguyen id,
NPC_TPL,976,"[vuotai] npcs.txt ban Linux dong 977 = ""(sơ cấp) Phi Sa""","JX1 settings\npcs.txt dong 977 = ""(sơ cấp) Phi Sa"" - TRUNG TEN",TRUNG NHE,Giu nguyen id,
NPC_TPL,977,"[vuotai] npcs.txt ban Linux dong 978 = ""(sơ cấp) Sương Liêm""","JX1 settings\npcs.txt dong 978 = ""(sơ cấp) Sương Liêm"" - TRUNG TEN",TRUNG NHE,Giu nguyen id,
NPC_TPL,978,"[vuotai] npcs.txt ban Linux dong 979 = ""(sơ cấp) Thừa Phong""","JX1 settings\npcs.txt dong 979 = ""(sơ cấp) Thừa Phong"" - TRUNG TEN",TRUNG NHE,Giu nguyen id,
NPC_TPL,979,"[vuotai] npcs.txt ban Linux dong 980 = ""(sơ cấp) Thủy Quỷ""","JX1 settings\npcs.txt dong 980 = ""(sơ cấp) Thủy Quỷ"" - TRUNG TEN",TRUNG NHE,Giu nguyen id,
NPC_TPL,980,"[vuotai] npcs.txt ban Linux dong 981 = ""(sơ cấp) Thần Tý""","JX1 settings\npcs.txt dong 981 = ""(sơ cấp) Thần Tý"" - TRUNG TEN",TRUNG NHE,Giu nguyen id,
NPC_TPL,981,"[vuotai] npcs.txt ban Linux dong 982 = ""(sơ cấp) Tranh Hán""","JX1 settings\npcs.txt dong 982 = ""(sơ cấp) Tranh Hán"" - TRUNG TEN",TRUNG NHE,Giu nguyen id,
NPC_TPL,982,"[vuotai] npcs.txt ban Linux dong 983 = ""(sơ cấp) Phá Lang""","JX1 settings\npcs.txt dong 983 = ""(sơ cấp) Phá Lang"" - TRUNG TEN",TRUNG NHE,Giu nguyen id,
NPC_TPL,983,"[vuotai] npcs.txt ban Linux dong 984 = ""(sơ cấp) ảnh Côn""","JX1 settings\npcs.txt dong 984 = ""(sơ cấp) ảnh Côn"" - TRUNG TEN",TRUNG NHE,Giu nguyen id,
NPC_TPL,984,"[vuotai] npcs.txt ban Linux dong 985 = ""(sơ cấp) Đao Tử""","JX1 settings\npcs.txt dong 985 = ""(sơ cấp) Đao Tử"" - TRUNG TEN",TRUNG NHE,Giu nguyen id,
NPC_TPL,985,"[vuotai] npcs.txt ban Linux dong 986 = ""(sơ cấp) Lang Bổng""","JX1 settings\npcs.txt dong 986 = ""(sơ cấp) Lang Bổng"" - TRUNG TEN",TRUNG NHE,Giu nguyen id,
NPC_TPL,986,"[vuotai] npcs.txt ban Linux dong 987 = ""(sơ cấp) Hắc Cân""","JX1 settings\npcs.txt dong 987 = ""(sơ cấp) Hắc Cân"" - TRUNG TEN",TRUNG NHE,Giu nguyen id,
NPC_TPL,987,"[vuotai] npcs.txt ban Linux dong 988 = ""(sơ cấp) npc Chú thuật""","JX1 settings\npcs.txt dong 988 = ""(sơ cấp) npc Chú thuật"" - TRUNG TEN",TRUNG NHE,Giu nguyen id,
NPC_TPL,988,"[vuotai] npcs.txt ban Linux dong 989 = ""(sơ cấp) npc té ngã""","JX1 settings\npcs.txt dong 989 = ""(sơ cấp) npc té ngã"" - TRUNG TEN",TRUNG NHE,Giu nguyen id,
NPC_TPL,989,"[vuotai] npcs.txt ban Linux dong 990 = ""(sơ cấp) npc hôn mê""","JX1 settings\npcs.txt dong 990 = ""(sơ cấp) npc hôn mê"" - TRUNG TEN",TRUNG NHE,Giu nguyen id,
NPC_TPL,990,"[vuotai] npcs.txt ban Linux dong 991 = ""(sơ cấp) npc giảm tốc""","JX1 settings\npcs.txt dong 991 = ""(sơ cấp) npc giảm tốc"" - TRUNG TEN",TRUNG NHE,Giu nguyen id,
NPC_TPL,991,"[vuotai] npcs.txt ban Linux dong 992 = ""(sơ cấp) npc Chú thuật""","JX1 settings\npcs.txt dong 992 = ""(sơ cấp) npc Chú thuật"" - TRUNG TEN",TRUNG NHE,Giu nguyen id,
NPC_TPL,992,"[vuotai] npcs.txt ban Linux dong 993 = ""(sơ cấp) npc siêu mạnh""","JX1 settings\npcs.txt dong 993 = ""(sơ cấp) npc siêu mạnh"" - TRUNG TEN",TRUNG NHE,Giu nguyen id,
NPC_TPL,993,"[vuotai] npcs.txt ban Linux dong 994 = ""(sơ cấp) npc phản đòn""","JX1 settings\npcs.txt dong 994 = ""(sơ cấp) npc phản đòn"" - TRUNG TEN",TRUNG NHE,Giu nguyen id,
NPC_TPL,994,"[vuotai] npcs.txt ban Linux dong 995 = ""(sơ cấp) tiểu Boss nam 1""","JX1 settings\npcs.txt dong 995 = ""(sơ cấp) tiểu Boss nam 1"" - TRUNG TEN",TRUNG NHE,Giu nguyen id,
NPC_TPL,995,"[vuotai] npcs.txt ban Linux dong 996 = ""(sơ cấp) tiểu Boss nam 2""","JX1 settings\npcs.txt dong 996 = ""(sơ cấp) tiểu Boss nam 2"" - TRUNG TEN",TRUNG NHE,Giu nguyen id,
NPC_TPL,996,"[vuotai] npcs.txt ban Linux dong 997 = ""(sơ cấp) tiểu Boss nam 3""","JX1 settings\npcs.txt dong 997 = ""(sơ cấp) tiểu Boss nam 3"" - TRUNG TEN",TRUNG NHE,Giu nguyen id,
NPC_TPL,997,"[vuotai] npcs.txt ban Linux dong 998 = ""(sơ cấp) tiểu Boss nam 4""","JX1 settings\npcs.txt dong 998 = ""(sơ cấp) tiểu Boss nam 4"" - TRUNG TEN",TRUNG NHE,Giu nguyen id,
NPC_TPL,998,"[vuotai] npcs.txt ban Linux dong 999 = ""(sơ cấp) tiểu Boss nam 5""","JX1 settings\npcs.txt dong 999 = ""(sơ cấp) tiểu Boss nam 5"" - TRUNG TEN",TRUNG NHE,Giu nguyen id,
NPC_TPL,999,"[vuotai] npcs.txt ban Linux dong 1000 = ""(sơ cấp) tiểu Boss nam 6""","JX1 settings\npcs.txt dong 1000 = ""(sơ cấp) tiểu Boss nam 6"" - TRUNG TEN",TRUNG NHE,Giu nguyen id,
TASK,1036,[phonglangdo+vuotai] (so truc tiep) | script\event\storm\function.lua:397; script\event\storm\function.lua:419,"Linux 1036 = so lan huy nhiem vu Da Tau (storm\function.lua:397,419). JX1 dung y het o event\storm\function.lua:397,419 + global\seasonnpc.lua:241.",TRUNG NHE,Giu nguyen (tep storm da port y byte).,HO TRO
TASK,1122,[phonglangdo+vuotai] (so truc tiep) | script\battles\weeklyrank.lua:144,"Linux 1122 = danh hieu xep hang tuan (battles\weeklyrank.lua:144 SetTask(1122, nTitle)). JX1 1122 = TASK_ACTIVE_TITLE (global\titlefuncs.lua:5,108 - danh hieu dang kich hoat).",TRUNG NHE,"Cung he danh hieu, giu nguyen; kiem lai neu weeklyrank duoc port that.",HO TRO
TASK,1201,[phonglangdo+satthu+vuotai] TSK_MESSENGER_FENG | script\task\metempsychosis\task_func.lua:170,"TSK_MESSENGER_FENG - JX1 da port Tin Su 21/08, dung cung so tai task\tollgate\messenger\lib_messenger.lua:39,78 ...",TRUNG NHE,Giu nguyen.,HO TRO
TASK,1202,[phonglangdo+satthu+vuotai] TSK_MESSENGER_SHAN | script\task\metempsychosis\task_func.lua:170,TSK_MESSENGER_SHAN - nhu tren.,TRUNG NHE,Giu nguyen.,HO TRO
TASK,1203,[phonglangdo+satthu+vuotai] TSK_MESSENGER_QIAN | script\task\metempsychosis\task_func.lua:170,TSK_MESSENGER_QIAN - nhu tren.,TRUNG NHE,Giu nguyen.,HO TRO
TASK,1550,[phonglangdo+satthu+vuotai] TSK_REMAIN_COUNT | script\event\storm\function.lua:396; script\event\storm\function.lua:417; script\missions\challengeoftime\npc\dragonboat_main.lua:148; script\missions\challengeoftime\npc\dragonboat_main.lua:151 ...+2 cho,"Linux 1550 dung O HAI CHO cung mot he: storm\function.lua:396,417 ghi chu GBK 'sat thu tien hanh so lan' va chuangguan TSK_REMAIN_COUNT (include.lua:20). Map vuot ai trong MapList ten GBK la 'sat thu de thi luyen' => CUNG MOT tinh nang. JX1 da co y het o event\storm\function.lua:396,417.",TRUNG NHE,Giu nguyen 1550.,LOI
TASK,1661,[phonglangdo+vuotai] STORM_TASKID_DAY = STORM_TASKID_BASE+1 | script\event\storm\head.lua:4,JX1 DA CO y het: script\event\storm\head.lua:2 (STORM_TASKID_BASE = 1661-1) - cung he Phong Bao,TRUNG NHE,Giu nguyen (tep storm da port trung byte),HO TRO
TASK,1662,[phonglangdo+vuotai] STORM_TASKID_DAY_POINT = STORM_TASKID_BASE+2 | script\event\storm\head.lua:5,JX1 DA CO y het: script\event\storm\head.lua:2 (STORM_TASKID_BASE = 1661-1) - cung he Phong Bao,TRUNG NHE,Giu nguyen (tep storm da port trung byte),HO TRO
TASK,1663,[phonglangdo+vuotai] STORM_TASKID_DAY_LASTPOINT = STORM_TASKID_BASE+3 | script\event\storm\head.lua:6,JX1 DA CO y het: script\event\storm\head.lua:2 (STORM_TASKID_BASE = 1661-1) - cung he Phong Bao,TRUNG NHE,Giu nguyen (tep storm da port trung byte),HO TRO
TASK,1664,[phonglangdo+vuotai] STORM_TASKID_DAY_AWARD = STORM_TASKID_BASE+4 | script\event\storm\head.lua:7,JX1 DA CO y het: script\event\storm\head.lua:2 (STORM_TASKID_BASE = 1661-1) - cung he Phong Bao,TRUNG NHE,Giu nguyen (tep storm da port trung byte),HO TRO
TASK,1665,[phonglangdo+vuotai] STORM_TASKID_DAY_LASTAWARD = STORM_TASKID_BASE+5 | script\event\storm\head.lua:8,JX1 DA CO y het: script\event\storm\head.lua:2 (STORM_TASKID_BASE = 1661-1) - cung he Phong Bao,TRUNG NHE,Giu nguyen (tep storm da port trung byte),HO TRO
TASK,1666,[phonglangdo+vuotai] STORM_TASKID_WEEK = STORM_TASKID_BASE+6 | script\event\storm\head.lua:9,JX1 DA CO y het: script\event\storm\head.lua:2 (STORM_TASKID_BASE = 1661-1) - cung he Phong Bao,TRUNG NHE,Giu nguyen (tep storm da port trung byte),HO TRO
TASK,1667,[phonglangdo+vuotai] STORM_TASKID_WEEK_POINT = STORM_TASKID_BASE+7 | script\event\storm\head.lua:10,JX1 DA CO y het: script\event\storm\head.lua:2 (STORM_TASKID_BASE = 1661-1) - cung he Phong Bao,TRUNG NHE,Giu nguyen (tep storm da port trung byte),HO TRO
TASK,1668,[phonglangdo+vuotai] STORM_TASKID_WEEK_LASTPOINT = STORM_TASKID_BASE+8 | script\event\storm\head.lua:11,JX1 DA CO y het: script\event\storm\head.lua:2 (STORM_TASKID_BASE = 1661-1) - cung he Phong Bao,TRUNG NHE,Giu nguyen (tep storm da port trung byte),HO TRO
TASK,1669,[phonglangdo+vuotai] STORM_TASKID_WEEK_AWARD = STORM_TASKID_BASE+9 | script\event\storm\head.lua:12,JX1 DA CO y het: script\event\storm\head.lua:2 (STORM_TASKID_BASE = 1661-1) - cung he Phong Bao,TRUNG NHE,Giu nguyen (tep storm da port trung byte),HO TRO
TASK,1671,[phonglangdo+vuotai] STORM_TASKID_MONTH = STORM_TASKID_BASE+11 | script\event\storm\head.lua:13,JX1 DA CO y het: script\event\storm\head.lua:2 (STORM_TASKID_BASE = 1661-1) - cung he Phong Bao,TRUNG NHE,Giu nguyen (tep storm da port trung byte),HO TRO
TASK,1672,[phonglangdo+vuotai] STORM_TASKID_MONTH_POINT = STORM_TASKID_BASE+12 | script\event\storm\head.lua:14,JX1 DA CO y het: script\event\storm\head.lua:2 (STORM_TASKID_BASE = 1661-1) - cung he Phong Bao,TRUNG NHE,Giu nguyen (tep storm da port trung byte),HO TRO
TASK,1673,[phonglangdo+vuotai] STORM_TASKID_MONTH_LASTPOINT = STORM_TASKID_BASE+13 | script\event\storm\head.lua:15,JX1 DA CO y het: script\event\storm\head.lua:2 (STORM_TASKID_BASE = 1661-1) - cung he Phong Bao,TRUNG NHE,Giu nguyen (tep storm da port trung byte),HO TRO
TASK,1674,[phonglangdo+vuotai] STORM_TASKID_MONTH_AWARD = STORM_TASKID_BASE+14 | script\event\storm\head.lua:16,JX1 DA CO y het: script\event\storm\head.lua:2 (STORM_TASKID_BASE = 1661-1) - cung he Phong Bao,TRUNG NHE,Giu nguyen (tep storm da port trung byte),HO TRO
TASK,1676,[phonglangdo+vuotai] STORM_TASKID_GAMEID_SS = STORM_TASKID_BASE+16 | script\event\storm\head.lua:17,JX1 DA CO y het: script\event\storm\head.lua:2 (STORM_TASKID_BASE = 1661-1) - cung he Phong Bao,TRUNG NHE,Giu nguyen (tep storm da port trung byte),HO TRO
TASK,1677,[phonglangdo+vuotai] STORM_TASKID_GAMES = STORM_TASKID_BASE+17 | script\event\storm\head.lua:18,JX1 DA CO y het: script\event\storm\head.lua:2 (STORM_TASKID_BASE = 1661-1) - cung he Phong Bao,TRUNG NHE,Giu nguyen (tep storm da port trung byte),HO TRO
TASK,1678,[phonglangdo+vuotai] STORM_TASKID_DATE = STORM_TASKID_BASE+18 | script\event\storm\head.lua:19,JX1 DA CO y het: script\event\storm\head.lua:2 (STORM_TASKID_BASE = 1661-1) - cung he Phong Bao,TRUNG NHE,Giu nguyen (tep storm da port trung byte),HO TRO
TASK,1679,[phonglangdo+vuotai] STORM_TASKID_LETTER = STORM_TASKID_BASE+19 | script\event\storm\head.lua:20,JX1 DA CO y het: script\event\storm\head.lua:2 (STORM_TASKID_BASE = 1661-1) - cung he Phong Bao,TRUNG NHE,Giu nguyen (tep storm da port trung byte),HO TRO
TASK,1680,[phonglangdo+vuotai] STORM_TASKID_TIPS = STORM_TASKID_BASE+20 | script\event\storm\head.lua:21,JX1 DA CO y het: script\event\storm\head.lua:2 (STORM_TASKID_BASE = 1661-1) - cung he Phong Bao,TRUNG NHE,Giu nguyen (tep storm da port trung byte),HO TRO
TASK,2361,[satthu+vuotai] TASKID_CONTRIVALUE | script\tong\contribution_entry.lua:133; script\tong\contribution_entry.lua:166; script\tong\contribution_entry.lua:186; script\tong\contribution_entry.lua:76,"TASKID_CONTRIVALUE - JX1 da co ban port o scriptjx2\tong\contribution_entry.lua:76,133.",TRUNG NHE,Giu nguyen; CHU Y hop nhat tep chu khong chep de.,HO TRO
TASK,2446,[phonglangdo] TASKID_MONEYBOX_LASTTIME | script\global\signet_head.lua:17,TASKID_MONEYBOX_LASTTIME - JX1 scriptjx2\tong\npc\city_totempole.lua:282.,TRUNG NHE,Giu nguyen.,HO TRO
TASK,2509,[satthu+vuotai] TASKID_TONG_WUSHENBLESS | script\tong\tong_award_head.lua:136,TASKID_TONG_WUSHENBLESS - JX1 scriptjx2\tong\tong_award_head.lua:136.,TRUNG NHE,Giu nguyen.,HO TRO
TASK,751,[phonglangdo+vuotai] (so truc tiep) | script\event\storm\function.lua:86; script\task\metempsychosis\translife_5.lua:97,"Linux 751 = diem tich luy Tong Kim (translife_5.lua:97, storm\function.lua:86). JX1 751 = cung la diem Tong Kim (startgame\tinhnang\tongkim\songjin_shophead.lua:127 'GetTask(751) < 2000').",TRUNG NHE,Giu nguyen.,HO TRO
TASK_TEMP,200,[phonglangdo+vuotai] (so truc tiep) | script\battles\battlehead.lua:960; script\missions\challengeoftime\chuangguang30.lua:140; script\missions\challengeoftime\chuangguang30.lua:85; script\missions\challengeoftime\mission_match.lua:43 ...+2 cho,"JX1 dung SetTaskTemp(200) DUNG cung nghia (co 'dang trong mission, cam cuu sat') tai 23 cho (7 he): item\hoatdong_admin.lua:134, missions\bw\bwhead.lua:62,137, missions\bw\bwmission.lua:54, missions\citywar_arena\head.lua:96, leavetrap.lua:11, mission.lua:65, missions\citywar_city\camper.lua:136, mission.lua:189, missions\leaguematch\head.lua:519,533, missions\tong\collectgoods\head.lua:224,260,294, tong_disciple\head.lua:187,220,252, tong_springfestival\head.lua:218,257,287, tongwar\match\head.lua:132,502, tongwar\trap\tongwar_trap.lua:116",TRUNG NHE,Giu nguyen so (cung nghia) NHUNG phai bao dam moi loi ra deu ha co ve 0 - vi 7 he dung chung MOT o. Ai quen ha co thi he sau doc nham.,LOI
CAMP,1,"[phonglangdo] SetCurCamp(1) fld_head.lua:127, fld_death.lua:7, mission.lua:113; [vuotai] mission_match.lua:67 AddMSPlayer(MISSION_MATCH, camp=1)","JX1: camp 1 la gia tri phe chung, dung khap noi (168 cho trong script). Khong phai dinh danh cap phat.",AN TOAN,Giu nguyen,LOI
GB_TASK (khoa chuoi),"""challengeoftime_ranklist""","[vuotai] nTIMERANK - rank_perday.lua:11; gb_GetTask/gb_SetTask(nTIMERANK, 1..4) rank_perday.lua:34-47","JX1 dang dung cac khoa: ""WLLS"" (leaguematch\task.lua:166-168,205-207), ""TONGWAR_STATION"" (event\tongwar\head.lua:73,77,781,787), COLLG_NAME, FESTIVAL_SHREWMOUSE, ""hat Huy Hoang"". Khong co ""challengeoftime_ranklist"".",AN TOAN,Giu nguyen. Ca hai ben deu dung RELAYTASK_LEAGUEID = 500 lam khong gian ten (script\lib\gb_taskfuncs.lua:11 - hai ban Y HET).,LOI
ITEM,"0,10,19","[satthu] 0,10,19 = ""Phong Vân Bạch Mã"" | script\task\tollgate\killer\kill_level.lua:101",JX1 KHONG co bo so nay; vat pham dung ten nam o (JX1 khong co),AN TOAN,Bo sung vat pham vao bang JX1 (chon so con trong),
ITEM,"0,10,20","[satthu] 0,10,20 = ""Phong Vân Chiến Mã"" | script\task\tollgate\killer\kill_level.lua:102",JX1 KHONG co bo so nay; vat pham dung ten nam o (JX1 khong co),AN TOAN,Bo sung vat pham vao bang JX1 (chon so con trong),
ITEM,"0,10,21","[satthu] 0,10,21 = ""Phong Vân Thần Mã"" | script\task\tollgate\killer\kill_level.lua:103",JX1 KHONG co bo so nay; vat pham dung ten nam o (JX1 khong co),AN TOAN,Bo sung vat pham vao bang JX1 (chon so con trong),
ITEM,"0,10,5","[satthu] 0,10,5 = ""Chiếu Dạ Ngọc Sư Tử"" | script\task\tollgate\killer\kill_level.lua:93; script\task\tollgate\killer\kill_level.lua:94; script\task\tollgate\killer\kill_level.lua:95","JX1 cung so = ""Chiếu Dạ Ngọc Sư Tử"" (settings\item\magicscript.txt) - TRUNG TEN",AN TOAN,Dung nguyen bo 6 tham so,
ITEM,"0,10,6","[satthu] 0,10,6 = ""Bôn Tiêu"" | script\task\tollgate\killer\kill_level.lua:99","JX1 cung so = ""Bôn Tiêu"" (settings\item\magicscript.txt) - TRUNG TEN",AN TOAN,Dung nguyen bo 6 tham so,
ITEM,"0,10,7","[satthu] 0,10,7 = ""Phiên Vũ"" | script\task\tollgate\killer\kill_level.lua:100","JX1 cung so = ""Phiên Vũ"" (settings\item\magicscript.txt) - TRUNG TEN",AN TOAN,Dung nguyen bo 6 tham so,
ITEM,"0,10,8","[satthu] 0,10,8 = ""Phi Vân"" | script\task\tollgate\killer\kill_level.lua:98","JX1 cung so = ""Phi Vân"" (settings\item\magicscript.txt) - TRUNG TEN",AN TOAN,Dung nguyen bo 6 tham so,
ITEM,"1,2,0","[vuotai] 1,2,0 = ""Ngũ Hoa Ngọc Lộ Hoàn"" | script\missions\challengeoftime\award.lua:221(DropItem)","JX1 cung so = ""Ngũ Hoa Ngọc Lộ Hoàn"" (settings\item\magicscript.txt) - TRUNG TEN",AN TOAN,Dung nguyen bo 6 tham so,
ITEM,"3,1,6","[vuotai] 3,1,6 = """" | script\missions\challengeoftime\item\chuangguanbaoxiang.lua:159(ConsumeItem); script\missions\challengeoftime\npc\dragonboat_main.lua:142(ConsumeItem)",JX1 KHONG co bo so nay; vat pham dung ten nam o (JX1 khong co),AN TOAN,Bo sung vat pham vao bang JX1 (chon so con trong),
ITEM,"3,6,1","[satthu] 3,6,1 = """" | script\task\tollgate\killer\shashou_mibao.lua:16(CalcItemCount)",JX1 KHONG co bo so nay; vat pham dung ten nam o (JX1 khong co),AN TOAN,Bo sung vat pham vao bang JX1 (chon so con trong),
ITEM,"4,238,1","[satthu] 4,238,1 = """" | script\missions\boss\bigboss.lua:33; script\missions\boss\bigboss.lua:46",JX1 KHONG co bo so nay; vat pham dung ten nam o (JX1 khong co),AN TOAN,Bo sung vat pham vao bang JX1 (chon so con trong),
ITEM,"4,239,1","[satthu] 4,239,1 = """" | script\missions\boss\bigboss.lua:32; script\missions\boss\bigboss.lua:45",JX1 KHONG co bo so nay; vat pham dung ten nam o (JX1 khong co),AN TOAN,Bo sung vat pham vao bang JX1 (chon so con trong),
ITEM,"4,240,1","[satthu] 4,240,1 = """" | script\missions\boss\bigboss.lua:34; script\missions\boss\bigboss.lua:47",JX1 KHONG co bo so nay; vat pham dung ten nam o (JX1 khong co),AN TOAN,Bo sung vat pham vao bang JX1 (chon so con trong),
ITEM,"4,353,1","[satthu] 4,353,1 = """" | script\missions\boss\bigboss.lua:35; script\missions\boss\bigboss.lua:48",JX1 KHONG co bo so nay; vat pham dung ten nam o (JX1 khong co),AN TOAN,Bo sung vat pham vao bang JX1 (chon so con trong),
ITEM,"6,1,22","[satthu] 6,1,22 = ""Tẩy Tủy Kinh"" | script\missions\boss\bigboss.lua:58","JX1 cung so = ""Tẩy Tủy Kinh"" (settings\item\magicscript.txt) - TRUNG TEN",AN TOAN,Dung nguyen bo 6 tham so,
ITEM,"6,1,26","[satthu] 6,1,26 = ""Võ Lâm Mật Tịch"" | script\missions\boss\bigboss.lua:57","JX1 cung so = ""Võ Lâm Mật Tịch"" (settings\item\magicscript.txt) - TRUNG TEN",AN TOAN,Dung nguyen bo 6 tham so,
ITEM,"6,1,30009","[vuotai] 6,1,30009 = ""Đồ Phổ Tinh Sương Hộ Uyển"" | script\missions\challengeoftime\chuangguang30.lua:51",JX1 KHONG co bo so nay; vat pham dung ten nam o (JX1 khong co),AN TOAN,Bo sung vat pham vao bang JX1 (chon so con trong),
ITEM,"6,1,30010","[vuotai] 6,1,30010 = ""Đồ Phổ Tinh Sương Hạng Liên"" | script\missions\challengeoftime\chuangguang30.lua:52",JX1 KHONG co bo so nay; vat pham dung ten nam o (JX1 khong co),AN TOAN,Bo sung vat pham vao bang JX1 (chon so con trong),
ITEM,"6,1,30215","[satthu] 6,1,30215 = ""Cống Hiến Đại Lễ Bao"" | script\missions\boss\bigboss.lua:90",JX1 KHONG co bo so nay; vat pham dung ten nam o (JX1 khong co),AN TOAN,Bo sung vat pham vao bang JX1 (chon so con trong),
ITEM,"6,1,30216","[satthu] 6,1,30216 = ""Kiến Thiết Lễ Bao"" | script\missions\boss\bigboss.lua:91",JX1 KHONG co bo so nay; vat pham dung ten nam o (JX1 khong co),AN TOAN,Bo sung vat pham vao bang JX1 (chon so con trong),
ITEM,"6,1,30218","[satthu] 6,1,30218 = ""Chiến Bị Lễ Bao"" | script\missions\boss\bigboss.lua:92",JX1 KHONG co bo so nay; vat pham dung ten nam o (JX1 khong co),AN TOAN,Bo sung vat pham vao bang JX1 (chon so con trong),
ITEM,"6,1,30408","[satthu] 6,1,30408 = ""Đại Gia Hạn Phù"" | script\missions\boss\bigboss.lua:70",JX1 KHONG co bo so nay; vat pham dung ten nam o (JX1 khong co),AN TOAN,Bo sung vat pham vao bang JX1 (chon so con trong),
ITEM,"6,1,30446","[satthu] 6,1,30446 = ""Đại Thành Bí Kíp 150"" | script\missions\boss\bigboss.lua:66",JX1 KHONG co bo so nay; vat pham dung ten nam o (JX1 khong co),AN TOAN,Bo sung vat pham vao bang JX1 (chon so con trong),
ITEM,"6,1,30528","[satthu] 6,1,30528 = ""Đồ Phổ Đằng Long Khôi"" | script\missions\boss\bigboss.lua:100; script\task\tollgate\killer\kill_level.lua:107",JX1 KHONG co bo so nay; vat pham dung ten nam o (JX1 khong co),AN TOAN,Bo sung vat pham vao bang JX1 (chon so con trong),
ITEM,"6,1,30530","[satthu] 6,1,30530 = ""Đồ Phổ Đằng Long Hài"" | script\missions\boss\bigboss.lua:101; script\task\tollgate\killer\kill_level.lua:108",JX1 KHONG co bo so nay; vat pham dung ten nam o (JX1 khong co),AN TOAN,Bo sung vat pham vao bang JX1 (chon so con trong),
ITEM,"6,1,30531","[satthu] 6,1,30531 = ""Đồ Phổ Đằng Long Yêu Đái"" | script\missions\boss\bigboss.lua:102; script\task\tollgate\killer\kill_level.lua:109",JX1 KHONG co bo so nay; vat pham dung ten nam o (JX1 khong co),AN TOAN,Bo sung vat pham vao bang JX1 (chon so con trong),
ITEM,"6,1,30532","[satthu] 6,1,30532 = ""Đồ Phổ Đằng Long Hộ Uyển"" | script\missions\boss\bigboss.lua:103; script\task\tollgate\killer\kill_level.lua:110",JX1 KHONG co bo so nay; vat pham dung ten nam o (JX1 khong co),AN TOAN,Bo sung vat pham vao bang JX1 (chon so con trong),
ITEM,"6,1,30533","[satthu+vuotai] 6,1,30533 = ""Đồ Phổ Đằng Long Hạng Liên"" | script\missions\boss\bigboss.lua:104; script\task\tollgate\killer\kill_level.lua:111; script\missions\challengeoftime\chuangguang30.lua:49",JX1 KHONG co bo so nay; vat pham dung ten nam o (JX1 khong co),AN TOAN,Bo sung vat pham vao bang JX1 (chon so con trong),
ITEM,"6,1,30534","[satthu] 6,1,30534 = ""Đồ Phổ Đằng Long Bội"" | script\missions\boss\bigboss.lua:105; script\task\tollgate\killer\kill_level.lua:112",JX1 KHONG co bo so nay; vat pham dung ten nam o (JX1 khong co),AN TOAN,Bo sung vat pham vao bang JX1 (chon so con trong),
ITEM,"6,1,30535","[satthu] 6,1,30535 = ""Đồ Phổ Đằng Long Thượng Giới Chỉ"" | script\missions\boss\bigboss.lua:106; script\task\tollgate\killer\kill_level.lua:113",JX1 KHONG co bo so nay; vat pham dung ten nam o (JX1 khong co),AN TOAN,Bo sung vat pham vao bang JX1 (chon so con trong),
ITEM,"6,1,30536","[satthu] 6,1,30536 = ""Đồ Phổ Đằng Long Hạ Giới Chỉ"" | script\missions\boss\bigboss.lua:107; script\task\tollgate\killer\kill_level.lua:114",JX1 KHONG co bo so nay; vat pham dung ten nam o (JX1 khong co),AN TOAN,Bo sung vat pham vao bang JX1 (chon so con trong),
ITEM,"6,1,30538","[satthu+vuotai] 6,1,30538 = ""Đằng Long Thạch - Hạ"" | script\missions\boss\bigboss.lua:108; script\task\tollgate\killer\kill_level.lua:115; script\missions\challengeoftime\chuangguang30.lua:50",JX1 KHONG co bo so nay; vat pham dung ten nam o (JX1 khong co),AN TOAN,Bo sung vat pham vao bang JX1 (chon so con trong),
ITEM,"6,1,30563","[satthu] 6,1,30563 = ""Trang Sức Tinh Linh"" | script\missions\boss\bigboss.lua:68",JX1 KHONG co bo so nay; vat pham dung ten nam o (JX1 khong co),AN TOAN,Bo sung vat pham vao bang JX1 (chon so con trong),
ITEM,"6,1,30593","[satthu] 6,1,30593 = ""Trang Sức Chi Quang"" | script\missions\boss\bigboss.lua:69",JX1 KHONG co bo so nay; vat pham dung ten nam o (JX1 khong co),AN TOAN,Bo sung vat pham vao bang JX1 (chon so con trong),
ITEM,"6,1,71","[satthu] 6,1,71 = ""Tiên Thảo Lộ"" | script\missions\boss\bigboss.lua:55; script\task\tollgate\killer\mibao_head.lua:11","JX1 cung so = ""Tien Thao Lo Thuong"" - CUNG MOT vat pham, JX1 chi DOI TEN (cung \spr\item\medecine\xiancaolu.spr, cung mo ta 'Noi 1 gio, kinh nghiem tang gap doi'); JX1 them ban 'Trung' o 6,1,70",AN TOAN,Dung nguyen bo 6 tham so,
LADDER,10119,"[satthu] Ladder_NewLadder(10119, GetName(), Uworld1217+1, 1) - script\task\tollgate\killer\kill_level.lua:44; [vuotai] doc de muon ten NPC an - include.lua:334 qua npc.lua:125,230","JX1: KHONG tep .lua nao dung 10119. settings\jx2ladder.txt hien chi co L 10118 va L 10999. JX1 dang dung 10118,10182,10186,10187,10196,10197,10225,10226,10227,10228,10250,10251,10261,10999",AN TOAN,"Giu nguyen. CANH BAO: neu port ke ca script\global\pgaming\xephang\bangxephang.lua thi ban Linux ghi 10119 hai kieu khac nhau (dong 27 ClearLadder dung, dong 80 ghi CAP nhan vat) - loi co san cua ban goc.",LOI
LADDER,10179 / 10180,"[vuotai] LadderId = 10179 (so cap) / 10180 (cao cap) - script\missions\challengeoftime\npc_death.lua:65,67",JX1: khong ai dung,AN TOAN,Giu nguyen,LOI
LADDER,10235,[vuotai] DailyRankLadderId = 10235 - rank_perday.lua:9; ghi o npc_death.lua:88; doc o rank_perday.lua:80,JX1: khong ai dung,AN TOAN,"Giu nguyen. LUU Y engine: LuaLadder_NewLadder chi nhan id KIEU SO va > 10000 (Sources\Core\Src\KJx2SharedStore.cpp:534,538 + JX2LADDER_MIN_ID 10000) - 10235 hop le.",LOI
MAP,175,"[phonglangdo] SetRevPos(175,1) - diem hoi sinh Tay Son thon - fld_head.lua:143",JX1 co map 175; dung o traps (JX1:...\Nhan Dang Son\trap\...toTaySonThon.lua:6),AN TOAN,Giu nguyen,LOI
MISSION,15,"[phonglangdo] MISSIONID = 15 (chu thich goc GBK ghi 'chua chot') - script\missions\fengling_ferry\fld_head.lua:10; dung lam ca MS id: AddMSPlayer(15,1) fld_head.lua:138, GetMSPlayerCount(15,1) fld_head.lua:153","JX1 settings\task\missions.txt dong 15 = \script\missions\mission_trong.lua (O TRONG, chi giu so dong)",AN TOAN,Cap duoc; sua dong 15 cua missions.txt tro sang mission cua Phong Lang Do JX2. LUU Y: ban VN dang chiem mission 4 cho CUNG tinh nang.,LOI
MISSION,22,[vuotai] MISSION_MATCH = 22 - script\missions\challengeoftime\include.lua:6,JX1 settings\task\missions.txt dong 22 = \script\missions\mission_trong.lua (O TRONG),AN TOAN,"Cap duoc. Da bi chiem: 1(bw cu),3(vuot ai VN),4(PLD VN),7,8,9(cong thanh),10,11(bw),12(pubg),24,25,26(WLLS),33(tongwar),37..40,44,45(tong). Ban VN dang chiem mission 3 cho CUNG tinh nang.",LOI
MISSION_TIMER,"28,29","[phonglangdo] StartMissionTimer(MISSIONID, 29, FLD_TIMER_1) / (MISSIONID, 28, FLD_TIMER_2) - script\missions\fengling_ferry\mission.lua:15,16","JX1: cung co che nhan trong khe; PLD ban VN dung timer id 4,5 (lib_phonglangdo.lua:267,274) nhung o mission 4 KHAC",AN TOAN,Giu nguyen,LOI
MISSION_TIMER,"41,42,43","[vuotai] TIMER_MATCH=41 / TIMER_BOARD=42 / TIMER_CLOSE=43 - include.lua:7-9; StartMissionTimer(MISSION_MATCH, TIMER_*, ...) mission_match.lua:12, include.lua:209,220","JX1: timer id la NHAN trong khe, KHONG phai chi so mang (ScriptFuns.cpp:11382 m_cTimerTaskSet.Add() roi SetTimer(interval,id)) => khong dung id cua mission khac. Tran la SO LUONG: MAX_TIMER_PERMISSION = 10 (Sources\Core\Src\KMission.h:23)",AN TOAN,Giu nguyen (3 timer < 10),LOI
MISSION_VALUE,1..33 (VARS_*/VARV_*),[vuotai] include.lua:51-77 - VARV_BATCH_MODEL cao nhat = VARV_LEVEL+2 = 33,JX1 tran MAX_MISSION_VALUE_COUNT = 100 (Sources\Core\Src\KMission.h:122) va MAX_MISSIONARRAY_VALUE_COUNT = 100 (KMissionArray.h:7),AN TOAN,Du cho (33 < 100),LOI
MS ID (mission share),15 (phonglangdo) / 22 (vuotai),"AddMSPlayer/GetMSPlayerCount/DelMSPlayer/Msg2MSAll dung THANG mission id lam MS id - fld_head.lua:138,153; mission_match.lua:66; transfer.lua:30","JX1: MS id trong lib_task.lua chi cap 1..6, 11, 12 (MS_TONGKIM..MS_PUBG, lib_task.lua:282-289); 15 va 22 con trong. Engine khong gioi han tri so (ScriptFuns.cpp:11462 SetMissionId roi FindSame).",AN TOAN,"Cap duoc, nhung PHAI them 15 va 22 vao bang MS_* cua lib_task.lua de dot sau khong cap lai.",LOI
SKILL,541,"[satthu] AddSkillState(541,1,0,54) trong killbossall() - script\task\tollgate\killer\kill_level.lua:82","JX1 settings\skills.txt cot SkillId = 541 -> ""Hoan thanh nhiem vu Sat thu"" (DUNG y nghia); JX1 DANG GOI y het o script\tinhnang\boss_satthu\death.lua:22",AN TOAN,"Giu nguyen. CANH BAO doc bang: JX1 skills.txt lech MOT DONG so voi ban Linux (JX1 dong 541 = SkillId 542 'Tin su lenh o moc'); engine tra bang COT SkillId (g_SkillManager.GetSkill, ScriptFuns.cpp:12813) nen KHONG sai - cam tra theo so dong.",LOI
SKILL,547 / 548,[satthu] skill mien dich boss / x2 exp (theo 01_satthu.md:826),"JX1 skills.txt SkillId 547 = ""Sat thu - Vong tron mien dich"", 548 = ""Vong tron tang doi kinh nghiem"" - CUNG NGHIA",AN TOAN,Giu nguyen,LOI
STAT KEY,baoxiangxiaohao_kaishashoumibao / baoxiangxiaohao_kaichuangguanbaoxiang / richangrenwu_songxincishu / jiefangri_shashouchanchu* (3 khoa),"[satthu] shashou_mibao.lua:23, lib_killlevel.lua:145 (bang tbMaiDian, 3 khoa); [vuotai] item\chuangguanbaoxiang.lua:169; [phonglangdo] activitysys\config\32\talkdailytask.lua:159",JX1: nhu tren - chua co ham AddStatData,AN TOAN / THIEU API,Nhu tren,LOI
STAT KEY,fld_chuan1..3canjiarenshu / fld_chuan1..3siwangrenshu / shuizeilingpai_shiyongshuliang,"[phonglangdo] AddStatData(...) - fld_death.lua:30,32,34; mission.lua:48,50,52; fld_head.lua:291",JX1: HAM AddStatData KHONG duoc dang ky trong Sources (grep toan cay D:\GAMEDEVNEW\Sources = 0 hit); script JX1 van goi no o global\...\songjin_shophead.lua:183 va startgame\tinhnang\tongkim\songjin_shophead.lua:183 => loi Lua tiem an. Ben Linux AddStatData LA HAM ENGINE (chuoi + bang tham chieu tai 0x082E3B78 trong jx_linux_y).,AN TOAN (khong dung so) / THIEU API,"Khoa chuoi khong va cham voi gi ca. Nhung PHAI viet AddStatData (hoac stub) truoc, neu khong 3 tinh nang se sap script tai cac dong nay.",LOI
TASK,1082,"[phonglangdo+satthu+vuotai] TSKID_KILLTASKID,TSK_KILLER_ID | script\task\metempsychosis\task_func.lua:166; script\task\tollgate\killer\kill_level.lua:23; script\task\tollgate\killer\kill_level.lua:35; script\task\tollgate\killer\nieshichen.lua:131 ...+2 cho",(khong tep .lua nao cua JX1 dung so nay),AN TOAN,Giu nguyen so; nen khai bao vao script\lib\lib_task.lua de dot sau khong cap trung,LOI
TASK,1192,[satthu] TSKID_KILLERDATE | script\task\tollgate\killer\nieshichen.lua:223; script\task\tollgate\killer\nieshichen.lua:229,(khong tep .lua nao cua JX1 dung so nay),AN TOAN,Giu nguyen so; nen khai bao vao script\lib\lib_task.lua de dot sau khong cap trung,LOI
TASK,1193,[satthu] TSKID_KILLERMAXCOUNT | script\task\tollgate\killer\lib_killlevel.lua:35; script\task\tollgate\killer\lib_killlevel.lua:54; script\task\tollgate\killer\nieshichen.lua:224; script\task\tollgate\killer\nieshichen.lua:228,(khong tep .lua nao cua JX1 dung so nay),AN TOAN,Giu nguyen so; nen khai bao vao script\lib\lib_task.lua de dot sau khong cap trung,LOI
TASK,1217,[satthu] (so truc tiep) | script\task\tollgate\killer\kill_level.lua:38; script\task\tollgate\killer\kill_level.lua:41; script\task\tollgate\killer\lib_killlevel.lua:27,(khong tep .lua nao cua JX1 dung so nay),AN TOAN,Giu nguyen so; nen khai bao vao script\lib\lib_task.lua de dot sau khong cap trung,LOI
TASK,1505,[vuotai] (so truc tiep) | script\missions\challengeoftime\mission_match.lua:51; script\missions\challengeoftime\mission_match.lua:80,(khong tep .lua nao cua JX1 dung so nay),AN TOAN,Giu nguyen so; nen khai bao vao script\lib\lib_task.lua de dot sau khong cap trung,LOI
TASK,1551,[satthu+vuotai] TSK_JOIN_DATE | script\missions\challengeoftime\npc\dragonboat_main.lua:147; script\missions\challengeoftime\npc\dragonboat_main.lua:149; script\vng_feature\challengeoftime\npcNhiepThiTran.lua:63,(khong tep .lua nao cua JX1 dung so nay),AN TOAN,Giu nguyen so; nen khai bao vao script\lib\lib_task.lua de dot sau khong cap trung,LOI
TASK,1760,[phonglangdo] jf0904_TSK_version | script\event\jiefang_jieri\200904\taskctrl.lua:27; script\event\jiefang_jieri\200904\taskctrl.lua:28,(khong tep .lua nao cua JX1 dung so nay),AN TOAN,Giu nguyen so; nen khai bao vao script\lib\lib_task.lua de dot sau khong cap trung,HO TRO
TASK,1761,[phonglangdo] jf0904_TSK_jiuexp | script\event\jiefang_jieri\200904\taskctrl.lua:30,(khong tep .lua nao cua JX1 dung so nay),AN TOAN,Giu nguyen so; nen khai bao vao script\lib\lib_task.lua de dot sau khong cap trung,HO TRO
TASK,1762,[phonglangdo] jf0904_TSK_jiuexplt | script\event\jiefang_jieri\200904\taskctrl.lua:31,(khong tep .lua nao cua JX1 dung so nay),AN TOAN,Giu nguyen so; nen khai bao vao script\lib\lib_task.lua de dot sau khong cap trung,HO TRO
TASK,1763,[phonglangdo] jf0904_TSK_jinnangsj | script\event\jiefang_jieri\200904\taskctrl.lua:33,(khong tep .lua nao cua JX1 dung so nay),AN TOAN,Giu nguyen so; nen khai bao vao script\lib\lib_task.lua de dot sau khong cap trung,HO TRO
TASK,1764,[phonglangdo] jf0904_TSK_shuizei_GetTask | script\event\jiefang_jieri\200904\shuizei\shuizei.lua:24; script\event\jiefang_jieri\200904\shuizei\shuizei.lua:45; script\event\jiefang_jieri\200904\shuizei\shuizei.lua:54; script\event\jiefang_jieri\200904\shuizei\shuizei.lua:76 ...+1 cho,(khong tep .lua nao cua JX1 dung so nay),AN TOAN,Giu nguyen so; nen khai bao vao script\lib\lib_task.lua de dot sau khong cap trung,HO TRO
TASK,1765,[phonglangdo] jf0904_TSK_shuizei_FulfilTaskTime | script\event\jiefang_jieri\200904\shuizei\shuizei.lua:38; script\event\jiefang_jieri\200904\shuizei\shuizei.lua:44; script\event\jiefang_jieri\200904\taskctrl.lua:36; script\event\jiefang_jieri\200904\taskctrl.lua:49,(khong tep .lua nao cua JX1 dung so nay),AN TOAN,Giu nguyen so; nen khai bao vao script\lib\lib_task.lua de dot sau khong cap trung,HO TRO
TASK,1830,[phonglangdo+vuotai] JUNGONGPAI_Task_ID | script\battles\battlehead.lua:1307; script\battles\battlehead.lua:1322; script\battles\battlehead.lua:1324,(khong tep .lua nao cua JX1 dung so nay),AN TOAN,Giu nguyen so; nen khai bao vao script\lib\lib_task.lua de dot sau khong cap trung,HO TRO
TASK,1937,[phonglangdo] jf0904_TSK_denggao_ndate | script\event\jiefang_jieri\200904\taskctrl.lua:38; script\event\jiefang_jieri\200904\taskctrl.lua:47; script\event\jiefang_jieri\200904\taskctrl.lua:48,(khong tep .lua nao cua JX1 dung so nay),AN TOAN,Giu nguyen so; nen khai bao vao script\lib\lib_task.lua de dot sau khong cap trung,HO TRO
TASK,1938,[phonglangdo] jf0904_TSK_denggao_curscore | script\event\jiefang_jieri\200904\taskctrl.lua:39,(khong tep .lua nao cua JX1 dung so nay),AN TOAN,Giu nguyen so; nen khai bao vao script\lib\lib_task.lua de dot sau khong cap trung,HO TRO
TASK,1940,[phonglangdo] jf0904_TSK_denggao_totscore | script\event\jiefang_jieri\200904\taskctrl.lua:40,(khong tep .lua nao cua JX1 dung so nay),AN TOAN,Giu nguyen so; nen khai bao vao script\lib\lib_task.lua de dot sau khong cap trung,HO TRO
TASK,1941,[phonglangdo] jf0904_TSK_denggao_totexp | script\event\jiefang_jieri\200904\taskctrl.lua:41,(khong tep .lua nao cua JX1 dung so nay),AN TOAN,Giu nguyen so; nen khai bao vao script\lib\lib_task.lua de dot sau khong cap trung,HO TRO
TASK,1942,[phonglangdo] jf0904_TSK_denggao_nidx | script\event\jiefang_jieri\200904\taskctrl.lua:42,(khong tep .lua nao cua JX1 dung so nay),AN TOAN,Giu nguyen so; nen khai bao vao script\lib\lib_task.lua de dot sau khong cap trung,HO TRO
TASK,1943,[phonglangdo] jf0904_TSK_denggao_gettoptimes | script\event\jiefang_jieri\200904\taskctrl.lua:43,(khong tep .lua nao cua JX1 dung so nay),AN TOAN,Giu nguyen so; nen khai bao vao script\lib\lib_task.lua de dot sau khong cap trung,HO TRO
TASK,1944,[phonglangdo] jf0904_TSK_denggao_getaward | script\event\jiefang_jieri\200904\taskctrl.lua:44,(khong tep .lua nao cua JX1 dung so nay),AN TOAN,Giu nguyen so; nen khai bao vao script\lib\lib_task.lua de dot sau khong cap trung,HO TRO
TASK,2307,[phonglangdo+vuotai] TV_LASTDEATHMAPX | script\battles\battlehead.lua:185; script\battles\battlehead.lua:188,(khong tep .lua nao cua JX1 dung so nay),AN TOAN,Giu nguyen so; nen khai bao vao script\lib\lib_task.lua de dot sau khong cap trung,HO TRO
TASK,2308,[phonglangdo+vuotai] TV_LASTDEATHMAPY | script\battles\battlehead.lua:185; script\battles\battlehead.lua:189,(khong tep .lua nao cua JX1 dung so nay),AN TOAN,Giu nguyen so; nen khai bao vao script\lib\lib_task.lua de dot sau khong cap trung,HO TRO
TASK,2547,[phonglangdo+satthu+vuotai] TSK_ZHUANSHENG_FLAG | script\task\metempsychosis\task_func.lua:185,(khong tep .lua nao cua JX1 dung so nay),AN TOAN,Giu nguyen so; nen khai bao vao script\lib\lib_task.lua de dot sau khong cap trung,HO TRO
TASK,2580,[phonglangdo+satthu+vuotai] TSK_ZHUANSHENG_LASTTIME | script\task\metempsychosis\task_func.lua:141,(khong tep .lua nao cua JX1 dung so nay),AN TOAN,Giu nguyen so; nen khai bao vao script\lib\lib_task.lua de dot sau khong cap trung,HO TRO
TASK,2636,[satthu+vuotai] tsk_rank_lastdate | script\missions\challengeoftime\npc_death.lua:35; script\missions\challengeoftime\npc_death.lua:40; script\missions\challengeoftime\npc_death.lua:42; script\missions\challengeoftime\rank_perday.lua:54 ...+1 cho,(khong tep .lua nao cua JX1 dung so nay),AN TOAN,Giu nguyen so; nen khai bao vao script\lib\lib_task.lua de dot sau khong cap trung,LOI
TASK,2637,[satthu+vuotai] tsk_rank_lastscore | script\missions\challengeoftime\npc_death.lua:36; script\missions\challengeoftime\npc_death.lua:37; script\missions\challengeoftime\npc_death.lua:41; script\missions\challengeoftime\npc_death.lua:43 ...+2 cho,(khong tep .lua nao cua JX1 dung so nay),AN TOAN,Giu nguyen so; nen khai bao vao script\lib\lib_task.lua de dot sau khong cap trung,LOI
TASK,2638,[satthu+vuotai] tsk_rank_2thdate | script\missions\challengeoftime\npc_death.lua:40; script\missions\challengeoftime\rank_perday.lua:54,(khong tep .lua nao cua JX1 dung so nay),AN TOAN,Giu nguyen so; nen khai bao vao script\lib\lib_task.lua de dot sau khong cap trung,LOI
TASK,2639,[satthu+vuotai] tsk_rank_2thscore | script\missions\challengeoftime\npc_death.lua:41; script\missions\challengeoftime\rank_perday.lua:68; script\missions\challengeoftime\rank_perday.lua:71,(khong tep .lua nao cua JX1 dung so nay),AN TOAN,Giu nguyen so; nen khai bao vao script\lib\lib_task.lua de dot sau khong cap trung,LOI
TASK,2641,[satthu] (so truc tiep) | script\vng_feature\challengeoftime\npcNhiepThiTran.lua:66; script\vng_feature\challengeoftime\npcNhiepThiTran.lua:84,(khong tep .lua nao cua JX1 dung so nay),AN TOAN,Giu nguyen so; nen khai bao vao script\lib\lib_task.lua de dot sau khong cap trung,HO TRO
TASK,2642,[satthu] (so truc tiep) | script\vng_feature\challengeoftime\npcNhiepThiTran.lua:71; script\vng_feature\challengeoftime\npcNhiepThiTran.lua:87,(khong tep .lua nao cua JX1 dung so nay),AN TOAN,Giu nguyen so; nen khai bao vao script\lib\lib_task.lua de dot sau khong cap trung,HO TRO
TASK,2661,"[satthu] BigBoss.TSK_BIGBOSS_REWARD = 2661 - script\missions\boss\bigboss.lua:11; AddTaskDaily o :183,249,254,259,276,291 (ngay | x2 vuot ai | x2 tong kim | x2 exp | da linh thuong)",JX1: khong ai dung lam task id (hit duy nhat la bang boss tin su fengzhiqi va mot NewWorld toa do),AN TOAN,Giu nguyen; khai vao lib_task.lua,LOI
TASK,2698,[phonglangdo+vuotai] TSK_Get2ExpTK | script\battles\battlehead.lua:1167; script\battles\battlehead.lua:694,(khong tep .lua nao cua JX1 dung so nay),AN TOAN,Giu nguyen so; nen khai bao vao script\lib\lib_task.lua de dot sau khong cap trung,HO TRO
TASK,2784,[phonglangdo+vuotai] TASKID_RECIEVE_BONUS_TK | script\battles\battlehead.lua:1178; script\battles\battlehead.lua:705,(khong tep .lua nao cua JX1 dung so nay),AN TOAN,Giu nguyen so; nen khai bao vao script\lib\lib_task.lua de dot sau khong cap trung,HO TRO
TASK,2807,"[phonglangdo+vuotai] TSK_DAILY_TASK_COMPLETE_COUNT = 2807 - activitysys\config\32\variables.lua:6; dung qua GetTaskDailyCount o config\32\dailytask.lua:44,64",JX1: khong ai dung,AN TOAN,Giu nguyen; khai vao lib_task.lua,HO TRO
TASK,2852,[vuotai] PLAYER_MAP_TASK | script\missions\challengeoftime\chuangguang30.lua:105; script\missions\challengeoftime\chuangguang30.lua:119; script\missions\challengeoftime\chuangguang30.lua:146; script\missions\challengeoftime\npc\transfer.lua:54,(khong tep .lua nao cua JX1 dung so nay),AN TOAN,Giu nguyen so; nen khai bao vao script\lib\lib_task.lua de dot sau khong cap trung,LOI
TASK,2885,[phonglangdo+satthu+vuotai] (so truc tiep) | script\task\metempsychosis\task_func.lua:148,(khong tep .lua nao cua JX1 dung so nay),AN TOAN,Giu nguyen so; nen khai bao vao script\lib\lib_task.lua de dot sau khong cap trung,HO TRO
TASK,2929,[phonglangdo+vuotai] TASKID_ONLINE_TIME_GET_YELLOW_BOX | script\misc\vngpromotion\ipbonus\ipbonus_2_head.lua:110; script\misc\vngpromotion\ipbonus\ipbonus_2_head.lua:75; script\misc\vngpromotion\ipbonus\ipbonus_2_head.lua:88,(khong tep .lua nao cua JX1 dung so nay),AN TOAN,Giu nguyen so; nen khai bao vao script\lib\lib_task.lua de dot sau khong cap trung,HO TRO
TASK,2931,[phonglangdo+vuotai] TASKID_ONLINE_TIME | script\misc\vngpromotion\ipbonus\ipbonus_2_head.lua:74; script\misc\vngpromotion\ipbonus\ipbonus_2_head.lua:79; script\misc\vngpromotion\ipbonus\ipbonus_2_head.lua:80; script\misc\vngpromotion\ipbonus\ipbonus_2_head.lua:97,(khong tep .lua nao cua JX1 dung so nay),AN TOAN,Giu nguyen so; nen khai bao vao script\lib\lib_task.lua de dot sau khong cap trung,HO TRO
TASK,2932,[phonglangdo+vuotai] TASKID_START_ONLINE_TIME | script\misc\vngpromotion\ipbonus\ipbonus_2_head.lua:45; script\misc\vngpromotion\ipbonus\ipbonus_2_head.lua:52; script\misc\vngpromotion\ipbonus\ipbonus_2_head.lua:54; script\misc\vngpromotion\ipbonus\ipbonus_2_head.lua:57,(khong tep .lua nao cua JX1 dung so nay),AN TOAN,Giu nguyen so; nen khai bao vao script\lib\lib_task.lua de dot sau khong cap trung,HO TRO
TASK,2933,[phonglangdo+vuotai] TASKID_GET_LAST_DATE | script\misc\vngpromotion\ipbonus\ipbonus_2_head.lua:63; script\misc\vngpromotion\ipbonus\ipbonus_2_head.lua:65,(khong tep .lua nao cua JX1 dung so nay),AN TOAN,Giu nguyen so; nen khai bao vao script\lib\lib_task.lua de dot sau khong cap trung,HO TRO
TASK,2934,[phonglangdo+vuotai] TASKID_GET_TIMES | script\misc\vngpromotion\ipbonus\ipbonus_2_head.lua:64,(khong tep .lua nao cua JX1 dung so nay),AN TOAN,Giu nguyen so; nen khai bao vao script\lib\lib_task.lua de dot sau khong cap trung,HO TRO
TASK,2935,[phonglangdo+vuotai] TASKID_USE_LAST_DATE | script\misc\vngpromotion\ipbonus\ipbonus_2_head.lua:67; script\misc\vngpromotion\ipbonus\ipbonus_2_head.lua:69,(khong tep .lua nao cua JX1 dung so nay),AN TOAN,Giu nguyen so; nen khai bao vao script\lib\lib_task.lua de dot sau khong cap trung,HO TRO
TASK,2936,[phonglangdo+vuotai] TASKID_GREEN_USE_TIMES | script\misc\vngpromotion\ipbonus\ipbonus_2_head.lua:68,(khong tep .lua nao cua JX1 dung so nay),AN TOAN,Giu nguyen so; nen khai bao vao script\lib\lib_task.lua de dot sau khong cap trung,HO TRO
TASK,3070,"[phonglangdo] PlayerFunLib:CheckTaskDaily(3070, 5, ""nomsg"", ""<"") va :AddTaskDaily(3070, 1) - script\missions\fengling_ferry\fld_head.lua:121,122 (moc Chan Nguyen Don khi dang ky PLD ton phi). Ma hoa: ngay(%y%m%d)*256 + so lan, xem activitysys\playerfunlib.lua:422-434","JX1: khong tep .lua nao goi GetTask/SetTask/TaskDaily voi 3070 (moi hit deu la TOA DO, vd startgame\thanh\thanhdo.lua:70 AddNpcNew(...,3070*32,...))",AN TOAN,Giu nguyen; khai vao script\lib\lib_task.lua,LOI
TASK,3079,"[vuotai] PlayerFunLib:AddTaskDaily(3079,1) / GetTaskDailyCount(3079) - script\missions\challengeoftime\npc\dragonboat_main.lua:166,167",JX1: khong ai dung lam task id,AN TOAN,Giu nguyen; khai vao lib_task.lua,LOI
TASK,4000,[vuotai] (so truc tiep) | script\vng_event\thapnienlenhbai\lenhbai_def.lua:380,(khong tep .lua nao cua JX1 dung so nay),AN TOAN,Giu nguyen so; nen khai bao vao script\lib\lib_task.lua de dot sau khong cap trung,HO TRO
TASK,4017,[vuotai] TSK_TRANSLIFE_5 | script\task\metempsychosis\translife_5.lua:120; script\task\metempsychosis\translife_5.lua:152; script\task\metempsychosis\translife_5.lua:153; script\task\metempsychosis\translife_5.lua:193 ...+4 cho,(khong tep .lua nao cua JX1 dung so nay),AN TOAN,Giu nguyen so; nen khai bao vao script\lib\lib_task.lua de dot sau khong cap trung,HO TRO
TASK (bit),3071 bit 25 (1 bit),"[vuotai] tbVNG_BitTask_Lib:getBitTask{nTaskID=3071, nStartBit=25, nBitCount=1} - script\missions\challengeoftime\npc\dragonboat_main.lua:30 va script\vng_feature\challengeoftime\npcNhiepThiTran.lua:14","JX1: 3071 khong duoc dung lam task id (moi hit la toa do). Ham nen da co: GetBitTask/SetBitTask dang ky o Sources\Core\Src\ScriptFuns.cpp:14294 (than ham :2077, :2105); script\vng_lib\bittask_lib.lua cua JX1 giong het ban Linux",AN TOAN,Giu nguyen. NHUNG phai ghi ro 'da cap bit 25 cua task 3071' vao lib_task.lua - he bit rat de bi dot sau cap chong bit.,LOI
TASK_TEMP,199,[vuotai] TSKM_ZHUANSHENG_RESISTID | script\task\metempsychosis\translife_6.lua:100,(khong tep .lua nao cua JX1 dung so nay),AN TOAN,Giu nguyen so; nen khai bao vao script\lib\lib_task.lua de dot sau khong cap trung,HO TRO
TRAN TASK,MAX_TASK = 4200,[vuotai] task id cao nhat 3 tinh nang dung = 4018 (vng_event\thapnienlenhbai) / 4017 (TSK_TRANSLIFE_5),"JX1 Sources\Core\Src\KPlayerTask.h:18 MAX_TASK = 4200, MAX_TEMP_TASK = 4200; KPlayerTask.cpp:69,79 chan im lang id >= 4200 (khong sap, chi MAT du lieu). JX1 da cap 4126,4127 (citywar_arena\head.lua:22,23) va 4132..4138 (dot va trung task id 24/08)",AN TOAN,"Con cho. Dai trong lon nhat de cap moi: 4139..4199 (61 o) va cac khoang 110..199 / 252..299 / 400..3999 chua dung. CANH BAO: script\event\storm\function.lua:398 co vong 'for i = 1661, 16710 do SetTask(i,0)' - phan i >= 4200 bi chan im lang (vo hai nhung cho thay nguon goc dinh id cua storm rong hon MAX_TASK).",HO TRO
